id,user_id,tracking_number,courier_service,origin,destination,status,created_at,updated_at
1,352,TRK041044707,NZ Post,Brussels,Brussels,Delivered,23/12/2023,20/03/2025
2,330,TRK964382305,Emirates Post,Karachi,Kuala Lumpur,Cancelled,15/12/2022,07/10/2024
3,462,TRK906785654,Anteraja,Bangkok,Amsterdam,Delivered,19/11/2022,16/03/2025
4,364,TRK237170062,USPS,Riyadh,Sydney,Cancelled,13/02/2022,01/10/2024
5,123,TRK254806654,Aramex,Helsinki,Nairobi,Pending,08/11/2023,19/10/2024
6,277,TRK236634049,Zajil Express,Muscat,Stockholm,Received,20/01/2023,23/03/2025
7,463,TRK597380509,EMS,Bangkok,Muscat,Delivered,20/02/2023,16/11/2024
8,320,TRK337907372,Aramex,Riyadh,Frankfurt,Pending,19/03/2023,19/11/2024
9,216,TRK171136872,Zajil Express,Los Angeles,Tokyo,Delivered,05/07/2022,26/11/2024
10,24,TRK361501765,Lalamove,Zarqa,Doha,Cancelled,14/10/2023,25/12/2024
11,309,TRK191040141,MyUS,Mexico City,Mumbai,Delivered,05/02/2024,18/01/2025
12,79,TRK133293901,J&T Express,Amman,Kuwait City,Cancelled,02/08/2021,14/01/2025
13,311,TRK007850915,Sendle,Cairo,Oslo,Cancelled,19/05/2021,07/09/2024
14,52,TRK126911206,UPS,Brussels,Casablanca,Pending,16/07/2021,23/02/2025
15,349,TRK510818885,Yodel,Singapore,Johannesburg,Pending,12/05/2021,07/11/2024
16,341,TRK064575658,Ninja Van,Tunis,Tunis,Received,17/03/2023,03/02/2025
17,442,TRK392048063,SMSA Express,Toronto,Melbourne,Pending,15/03/2023,30/01/2025
18,179,TRK017386855,Qxpress,Singapore,Doha,Delivered,18/05/2024,31/03/2025
19,128,TRK235757823,Naqel Express,Sydney,Rome,Cancelled,07/01/2023,09/09/2024
20,56,TRK269759924,Blue Dart,Sydney,Vancouver,Received,30/07/2023,25/02/2025
21,59,TRK216273831,MyUS,Osaka,Copenhagen,Received,28/02/2022,02/04/2025
22,413,TRK256855103,EMS,Copenhagen,Oslo,Pending,07/05/2022,16/03/2025
23,248,TRK987964703,Parcelforce,Jakarta,Zarqa,Delivered,21/03/2021,30/09/2024
24,125,TRK589080904,Ninja Van,Dubai,Cairo,Received,23/08/2022,10/12/2024
25,118,TRK178250311,Zajil Express,Stockholm,New York,Delivered,23/12/2021,04/02/2025
26,494,TRK224099925,Yodel,Los Angeles,Seoul,Delivered,27/11/2022,13/01/2025
27,159,TRK378336861,Anteraja,Helsinki,Singapore,Received,22/05/2024,02/10/2024
28,494,TRK380039873,Ninja Xpress,Karachi,Frankfurt,Delivered,17/02/2022,16/12/2024
29,93,TRK767648064,Shopee Xpress,Stockholm,Kuala Lumpur,Cancelled,13/05/2021,28/03/2025
30,45,TRK162544083,Australia Post,Manama,Bangkok,Cancelled,03/06/2022,03/11/2024
31,311,TRK181237559,Shopee Xpress,Buenos Aires,Nairobi,Cancelled,23/04/2023,22/02/2025
32,10,TRK025393939,J&T Express,Hong Kong,Buenos Aires,Cancelled,12/12/2023,20/02/2025
33,185,TRK132551289,Blue Dart,Berlin,Geneva,Cancelled,07/03/2021,05/11/2024
34,60,TRK172244444,FedEx,São Paulo,Aqaba,Pending,08/11/2022,11/02/2025
35,352,TRK816513072,PostaPlus,Riyadh,Beirut,Received,04/05/2024,18/02/2025
36,338,TRK952809517,Emirates Post,Kuala Lumpur,Frankfurt,Pending,01/05/2022,03/11/2024
37,243,TRK761333164,iMile,Oslo,São Paulo,Delivered,15/08/2021,31/01/2025
38,81,TRK072733835,Sendle,São Paulo,Jakarta,Cancelled,26/09/2023,20/03/2025
39,279,TRK580943476,USPS,Riyadh,Manila,Cancelled,29/06/2024,12/01/2025
40,396,TRK734950250,NZ Post,Baghdad,Manila,Delivered,04/03/2022,03/11/2024
41,64,TRK553520885,Ninja Xpress,Jakarta,Riyadh,Pending,26/07/2023,10/10/2024
42,431,TRK781664379,Blue Dart,Toronto,Irbid,Delivered,17/03/2021,09/11/2024
43,291,TRK227311989,J&T Express,Madrid,Tokyo,Pending,13/03/2021,17/04/2025
44,200,TRK850397754,FedEx,Cairo,Cape Town,Received,14/02/2024,02/01/2025
45,444,TRK570137843,DHL Express,Abu Dhabi,Zarqa,Received,18/03/2023,10/04/2025
46,91,TRK051854155,Barq Express,Tokyo,Rome,Received,25/02/2021,22/01/2025
47,264,TRK057680696,TNT,Osaka,Cairo,Cancelled,13/05/2021,02/01/2025
48,233,TRK045571309,Qxpress,Vienna,Beirut,Received,05/08/2021,14/03/2025
49,306,TRK409010257,Yodel,Seoul,São Paulo,Pending,12/11/2023,26/09/2024
50,198,TRK428434918,FedEx,Vienna,Amman,Received,17/04/2021,22/09/2024
51,142,TRK419913292,Ninja Van,Cairo,Istanbul,Delivered,04/09/2021,18/10/2024
52,351,TRK743220218,UPS,Singapore,Toronto,Received,11/06/2022,16/11/2024
53,331,TRK104220108,Asendia,Mexico City,Bengaluru,Received,06/07/2024,26/03/2025
54,428,TRK389472431,DHL Express,Brussels,Jeddah,Pending,20/10/2022,01/10/2024
55,330,TRK382261580,La Poste,Abu Dhabi,Aqaba,Pending,07/08/2023,04/04/2025
56,129,TRK019840134,Parcelforce,Tunis,Oslo,Received,17/03/2023,21/04/2025
57,319,TRK252686852,Cainiao,Hong Kong,Madrid,Received,24/01/2023,11/01/2025
58,172,TRK299231527,Australia Post,Amsterdam,Aqaba,Cancelled,27/04/2024,22/03/2025
59,380,TRK491000497,Japan Post,Abu Dhabi,Singapore,Cancelled,02/06/2022,24/09/2024
60,400,TRK079418324,China Post,Rome,Amman,Delivered,22/08/2024,17/02/2025
61,373,TRK667963336,DHL Express,Kuala Lumpur,Toronto,Cancelled,10/12/2021,05/09/2024
62,47,TRK328827222,USPS,Los Angeles,Zarqa,Delivered,18/05/2024,24/02/2025
63,5,TRK853978605,Korea Post,Sydney,Baghdad,Pending,16/08/2023,11/04/2025
64,110,TRK318805450,iMile,Tokyo,Hong Kong,Cancelled,28/04/2023,09/09/2024
65,304,TRK409522796,TNT,Abu Dhabi,Vancouver,Delivered,12/08/2023,18/12/2024
66,266,TRK107057399,USPS,Copenhagen,Baghdad,Pending,01/05/2022,02/02/2025
67,344,TRK319253641,DTDC,Istanbul,Zurich,Delivered,03/03/2023,21/02/2025
68,188,TRK813192085,UPS,Casablanca,Istanbul,Cancelled,02/05/2024,05/11/2024
69,142,TRK420969712,CityLink,Manila,Mumbai,Pending,24/01/2024,12/01/2025
70,292,TRK812544002,Yanwen,Jeddah,Beirut,Received,28/04/2022,04/03/2025
71,152,TRK803012696,Sendle,Riyadh,Seoul,Delivered,28/07/2024,14/12/2024
72,90,TRK848080875,Sendle,Aqaba,Baghdad,Pending,30/10/2023,07/01/2025
73,346,TRK631975554,4PX,Hong Kong,Mumbai,Received,19/04/2021,01/12/2024
74,138,TRK982299873,SF Express,Beijing,Brussels,Delivered,22/03/2023,21/03/2025
75,303,TRK093272993,PostaPlus,Zarqa,Mexico City,Delivered,02/07/2021,09/02/2025
76,324,TRK458833610,JNE Express,Sydney,Zarqa,Delivered,07/01/2023,01/02/2025
77,494,TRK109195335,Cainiao,Muscat,Rome,Pending,05/08/2021,16/12/2024
78,243,TRK747228378,SMSA Express,Johannesburg,Singapore,Cancelled,23/12/2022,18/01/2025
79,144,TRK077334812,DHL,Doha,Helsinki,Cancelled,17/04/2021,03/11/2024
80,183,TRK008651507,Emirates Post,Amman,Irbid,Delivered,04/01/2024,17/04/2025
81,483,TRK474505822,Shopee Xpress,Madrid,São Paulo,Cancelled,07/01/2022,12/10/2024
82,83,TRK747948751,China Post,Frankfurt,Toronto,Delivered,28/07/2022,13/04/2025
83,293,TRK557925020,Toll Group,Muscat,Singapore,Delivered,27/04/2023,25/02/2025
84,260,TRK792203403,Shopee Xpress,Jakarta,Paris,Pending,04/08/2023,20/01/2025
85,422,TRK720089074,India Post,Buenos Aires,Beijing,Pending,03/06/2021,02/03/2025
86,193,TRK432780250,J&T Express,São Paulo,Beijing,Delivered,23/09/2022,07/12/2024
87,496,TRK099239784,J&T Express,Manila,Kuwait City,Pending,05/06/2022,22/03/2025
88,364,TRK399903274,Yodel,London,Zurich,Cancelled,23/12/2022,14/02/2025
89,456,TRK987189218,Pos Malaysia,Abu Dhabi,Vienna,Cancelled,15/07/2024,12/11/2024
90,49,TRK427152097,Zajil Express,Beirut,Beijing,Received,19/04/2022,27/10/2024
91,6,TRK133713771,Quiqup,Los Angeles,Riyadh,Delivered,11/03/2024,03/03/2025
92,132,TRK972738471,Pos Malaysia,Tunis,Baghdad,Received,18/10/2021,17/09/2024
93,308,TRK083650071,Toll Group,Amman,Seoul,Cancelled,25/04/2024,11/04/2025
94,25,TRK176544765,Parcelforce,Tunis,São Paulo,Cancelled,08/03/2024,15/04/2025
95,326,TRK892836715,Correos,Tokyo,Nairobi,Delivered,04/06/2021,22/10/2024
96,210,TRK399612872,Parcelforce,Vienna,Zurich,Pending,17/08/2023,22/03/2025
97,343,TRK984915980,Yodel,Frankfurt,Dubai,Cancelled,02/08/2022,30/12/2024
98,439,TRK621441103,Noon Express,Tokyo,Zurich,Pending,14/11/2022,08/10/2024
99,436,TRK702328068,Barq Express,London,Rome,Received,25/02/2023,03/11/2024
100,257,TRK203774906,TNT,Oslo,Los Angeles,Received,18/11/2022,19/01/2025
101,104,TRK349166935,SF Express,Cape Town,Stockholm,Delivered,20/07/2023,19/09/2024
102,192,TRK452520302,Ninja Xpress,Rome,Bengaluru,Cancelled,17/01/2024,02/11/2024
103,271,TRK788515245,Correos,Osaka,Osaka,Cancelled,11/07/2022,17/10/2024
104,467,TRK274820897,SF Express,Melbourne,Baghdad,Cancelled,02/04/2022,10/09/2024
105,99,TRK913447607,Hermes,Istanbul,Madrid,Pending,12/03/2024,07/04/2025
106,282,TRK898839437,Cainiao,Johannesburg,Irbid,Delivered,24/02/2022,19/12/2024
107,395,TRK649544047,Asendia,Zurich,Rome,Delivered,31/07/2023,21/09/2024
108,231,TRK599260778,La Poste,Seoul,Manila,Received,20/02/2024,01/04/2025
109,459,TRK477954116,J&T Express,Shanghai,Tunis,Pending,24/06/2024,13/10/2024
110,467,TRK207330557,Cainiao,Madrid,Madrid,Received,06/08/2021,08/01/2025
111,369,TRK111843717,Lalamove,Manama,Muscat,Delivered,03/04/2021,29/10/2024
112,291,TRK841371441,Aramex,São Paulo,Jeddah,Pending,30/09/2023,24/11/2024
113,384,TRK233381980,Royal Mail,Cairo,Delhi,Received,10/11/2022,01/09/2024
114,382,TRK087943490,FedEx,Berlin,Karachi,Cancelled,27/03/2024,16/03/2025
115,299,TRK073724303,Canada Post,Cape Town,Madrid,Cancelled,11/09/2021,27/02/2025
116,455,TRK305910817,CityLink,Tunis,Sydney,Received,27/10/2023,20/04/2025
117,394,TRK698992690,NZ Post,Beirut,London,Delivered,23/04/2024,08/12/2024
118,200,TRK238102524,J&T Express,Dubai,Toronto,Pending,01/05/2021,16/10/2024
119,104,TRK946466933,Zajil Express,Madrid,Shanghai,Pending,17/04/2022,15/10/2024
120,106,TRK372627450,Asendia,Mumbai,Bengaluru,Pending,05/09/2022,05/11/2024
121,111,TRK533845774,Noon Express,Frankfurt,Abu Dhabi,Delivered,24/07/2022,10/12/2024
122,8,TRK217769121,JNE Express,Sydney,Tunis,Received,07/08/2024,05/09/2024
123,322,TRK394637883,Fastway,Madrid,Oslo,Received,03/01/2023,20/03/2025
124,379,TRK608631632,Ninja Xpress,Zurich,Mumbai,Cancelled,14/08/2023,22/04/2025
125,239,TRK567227938,JNE Express,Brussels,Irbid,Delivered,28/08/2024,17/12/2024
126,488,TRK251538117,Noon Express,Mexico City,Berlin,Cancelled,02/12/2022,15/04/2025
127,259,TRK719957936,Emirates Post,New York,Istanbul,Received,25/06/2021,04/09/2024
128,190,TRK833343177,Ninja Xpress,Kuala Lumpur,Abu Dhabi,Pending,15/02/2022,09/09/2024
129,264,TRK434356594,Blue Dart,Karachi,Tunis,Cancelled,07/12/2022,30/09/2024
130,226,TRK573121379,CityLink,Seoul,Amsterdam,Received,20/01/2024,06/11/2024
131,427,TRK550991186,USPS,Frankfurt,Johannesburg,Cancelled,23/07/2022,28/10/2024
132,462,TRK869197509,Skynet,Nairobi,Cape Town,Delivered,27/04/2021,11/12/2024
133,400,TRK677273649,La Poste,Toronto,Rome,Pending,28/10/2023,17/12/2024
134,135,TRK536984868,Noon Express,Beirut,Delhi,Received,17/10/2023,03/09/2024
135,367,TRK456801309,Parcelforce,Paris,Stockholm,Received,28/02/2023,28/09/2024
136,96,TRK931315010,iMile,Bengaluru,Manama,Received,04/04/2024,16/09/2024
137,429,TRK088366577,CityLink,Frankfurt,Johannesburg,Pending,16/01/2022,11/11/2024
138,445,TRK864825331,MyUS,London,Jeddah,Cancelled,20/06/2024,22/03/2025
139,54,TRK306932243,Hermes,Aqaba,Amsterdam,Cancelled,07/01/2023,12/11/2024
140,329,TRK849812997,Barq Express,Frankfurt,Bengaluru,Pending,14/05/2024,09/02/2025
141,415,TRK125506861,PostaPlus,Karachi,Istanbul,Cancelled,06/01/2024,08/04/2025
142,8,TRK169766736,NZ Post,Cairo,Bengaluru,Delivered,28/08/2023,24/01/2025
143,435,TRK340591579,Korea Post,Riyadh,Amsterdam,Received,23/08/2021,19/03/2025
144,392,TRK697229120,Noon Express,Vienna,Copenhagen,Pending,16/05/2022,21/11/2024
145,495,TRK196382322,Cainiao,Johannesburg,Aqaba,Cancelled,06/07/2022,22/10/2024
146,192,TRK147567062,Shopee Xpress,Rome,Sydney,Delivered,10/04/2021,17/03/2025
147,187,TRK445238451,Shopee Xpress,São Paulo,Berlin,Pending,15/06/2023,18/02/2025
148,58,TRK224941748,Saudi Post,Mumbai,Beijing,Pending,05/08/2023,21/10/2024
149,449,TRK124682036,China Post,Beirut,Zarqa,Received,19/02/2022,16/09/2024
150,146,TRK664925990,CityLink,Jeddah,Kuala Lumpur,Cancelled,19/06/2023,11/04/2025
151,310,TRK934009888,Sendle,Helsinki,Delhi,Cancelled,05/05/2023,05/11/2024
152,413,TRK314323521,Zajil Express,Berlin,Muscat,Delivered,07/05/2021,22/03/2025
153,202,TRK082728732,Zajil Express,Stockholm,Istanbul,Pending,18/10/2021,30/12/2024
154,201,TRK791299253,China Post,Riyadh,Madrid,Received,09/05/2021,26/12/2024
155,115,TRK163417827,Yanwen,Mexico City,Casablanca,Pending,24/04/2024,19/11/2024
156,170,TRK967344831,Anteraja,Beijing,Cape Town,Delivered,30/08/2023,01/11/2024
157,374,TRK915294487,Asendia,Frankfurt,Stockholm,Pending,28/03/2022,14/02/2025
158,459,TRK729760260,PostNL,Seoul,Buenos Aires,Cancelled,23/05/2021,30/09/2024
159,115,TRK693849502,Parcelforce,Johannesburg,Copenhagen,Delivered,16/12/2021,21/03/2025
160,326,TRK882549748,Gati,Paris,Abu Dhabi,Pending,03/01/2022,18/11/2024
161,315,TRK619022719,Quiqup,Paris,Bengaluru,Pending,27/06/2024,21/03/2025
162,327,TRK950648863,DHL,Istanbul,Los Angeles,Delivered,26/08/2024,12/11/2024
163,458,TRK774719361,4PX,Cairo,Tunis,Delivered,26/03/2023,09/11/2024
164,136,TRK967071466,DHL,Zarqa,Buenos Aires,Pending,07/03/2022,06/09/2024
165,122,TRK113160320,Japan Post,Madrid,Casablanca,Delivered,28/03/2023,08/10/2024
166,480,TRK863816375,Emirates Post,Frankfurt,Jakarta,Pending,03/01/2023,14/04/2025
167,377,TRK674614205,Sendle,Bangkok,Amman,Pending,11/03/2021,28/12/2024
168,245,TRK451216666,Yodel,Geneva,Seoul,Cancelled,06/01/2024,03/01/2025
169,61,TRK763590502,Aramex,Mexico City,Istanbul,Pending,05/06/2024,11/03/2025
170,213,TRK807988556,UPS,Toronto,Aqaba,Pending,16/09/2022,12/03/2025
171,78,TRK392277812,Cainiao,Tunis,Zurich,Received,24/07/2022,20/02/2025
172,393,TRK459651202,MyUS,Osaka,Kuwait City,Received,16/08/2024,05/11/2024
173,341,TRK321779740,PostNL,Bengaluru,Muscat,Delivered,10/11/2022,07/10/2024
174,40,TRK526266161,Ninja Xpress,Paris,Los Angeles,Pending,26/06/2022,06/02/2025
175,388,TRK720902446,Royal Mail,Frankfurt,Rome,Received,02/08/2024,28/03/2025
176,199,TRK805948563,Saudi Post,Madrid,Geneva,Cancelled,25/05/2023,19/11/2024
177,139,TRK995420919,Emirates Post,Mexico City,Beijing,Delivered,10/02/2024,08/10/2024
178,220,TRK111049746,Lalamove,Frankfurt,Shanghai,Pending,14/12/2023,15/11/2024
179,144,TRK709854672,FedEx,Amsterdam,Melbourne,Received,29/01/2024,05/03/2025
180,63,TRK070372078,SMSA Express,Osaka,Amman,Delivered,05/10/2021,21/04/2025
181,328,TRK084752934,Royal Mail,Zurich,Zarqa,Pending,11/02/2023,25/09/2024
182,451,TRK553415335,DTDC,Amman,Beirut,Cancelled,10/04/2023,17/02/2025
183,454,TRK065707096,Noon Express,Delhi,Hong Kong,Pending,19/07/2021,13/09/2024
184,330,TRK028794331,Fastway,Abu Dhabi,Rome,Received,19/09/2023,18/01/2025
185,17,TRK037055808,Pos Malaysia,Riyadh,Tunis,Pending,15/05/2021,08/04/2025
186,400,TRK124237945,SMSA Express,Paris,Toronto,Pending,28/09/2023,07/12/2024
187,226,TRK269103870,Korea Post,Zurich,Mumbai,Cancelled,16/08/2022,08/11/2024
188,409,TRK129337644,Correos,Shanghai,Sydney,Received,09/10/2022,26/11/2024
189,183,TRK424913420,iMile,Amsterdam,Aqaba,Pending,02/04/2022,07/02/2025
190,397,TRK669401415,J&T Express,Beijing,Tokyo,Received,15/12/2021,19/09/2024
191,54,TRK930994937,SF Express,Karachi,Melbourne,Cancelled,24/11/2021,10/04/2025
192,174,TRK825953662,Jeebly,Tunis,London,Received,24/09/2023,01/04/2025
193,334,TRK095354867,Yodel,Abu Dhabi,Manama,Delivered,05/09/2021,13/02/2025
194,38,TRK092363245,DPD,Nairobi,Amsterdam,Received,28/01/2024,08/12/2024
195,170,TRK481785439,Kerry Express,Sydney,São Paulo,Pending,08/04/2024,04/11/2024
196,416,TRK987870756,Ninja Xpress,Geneva,Vancouver,Received,10/10/2022,14/02/2025
197,34,TRK660698867,DHL eCommerce,Dubai,Tunis,Pending,30/08/2021,15/12/2024
198,391,TRK311490036,Ekart,Stockholm,Tokyo,Received,21/10/2022,07/10/2024
199,317,TRK425819165,Yanwen,Delhi,Amsterdam,Cancelled,13/03/2024,25/12/2024
200,153,TRK836706559,Japan Post,Dubai,Johannesburg,Delivered,01/07/2024,13/01/2025
201,362,TRK745127225,Ekart,Delhi,Dubai,Delivered,28/09/2022,27/12/2024
202,9,TRK098831630,Emirates Post,Jeddah,Tokyo,Delivered,12/11/2022,20/03/2025
203,477,TRK963073683,Royal Mail,Singapore,Casablanca,Delivered,11/06/2022,25/10/2024
204,245,TRK239281256,Noon Express,Beirut,Delhi,Received,03/11/2023,30/09/2024
205,15,TRK770162032,Cainiao,Kuala Lumpur,Zurich,Cancelled,15/06/2023,08/02/2025
206,235,TRK486644163,Cainiao,Stockholm,Sydney,Pending,10/07/2021,04/01/2025
207,47,TRK249921399,Gati,Mumbai,Mexico City,Delivered,09/09/2021,23/09/2024
208,260,TRK669668448,Toll Group,Seoul,Tokyo,Cancelled,08/04/2023,13/09/2024
209,76,TRK185973183,DHL Express,Los Angeles,Oslo,Cancelled,10/08/2021,20/04/2025
210,108,TRK065618336,TNT,Toronto,Madrid,Received,08/04/2021,10/12/2024
211,162,TRK850412629,Fetchr,Sydney,Seoul,Received,11/04/2021,06/04/2025
212,409,TRK580615464,Ninja Xpress,Aqaba,London,Cancelled,08/07/2023,12/12/2024
213,189,TRK999926015,India Post,Muscat,Paris,Received,28/05/2021,30/03/2025
214,391,TRK195418721,Correos,Oslo,Riyadh,Delivered,07/07/2022,17/02/2025
215,269,TRK218249249,Pos Malaysia,Geneva,Amman,Delivered,25/01/2022,07/01/2025
216,139,TRK202260205,Yodel,Casablanca,Osaka,Delivered,26/12/2023,04/10/2024
217,175,TRK985680233,China Post,Nairobi,Beijing,Received,16/06/2022,05/11/2024
218,169,TRK595311388,Ninja Van,Cape Town,Vienna,Pending,04/04/2022,14/02/2025
219,420,TRK407731284,Australia Post,Doha,Los Angeles,Pending,17/05/2024,05/12/2024
220,183,TRK058811982,Naqel Express,Beirut,Sydney,Pending,14/03/2024,28/01/2025
221,50,TRK202485104,Kerry Express,Melbourne,Osaka,Pending,21/02/2022,18/03/2025
222,225,TRK108414461,Canada Post,Cape Town,Aqaba,Pending,11/11/2022,08/02/2025
223,158,TRK977921676,Delhivery,São Paulo,Cairo,Delivered,22/05/2022,24/10/2024
224,255,TRK948248994,Sicepat,Rome,Shanghai,Pending,26/06/2022,14/03/2025
225,61,TRK012918778,TNT,Vancouver,Zarqa,Delivered,18/05/2022,03/10/2024
226,260,TRK972149373,Skynet,Geneva,Kuala Lumpur,Pending,28/06/2023,21/01/2025
227,122,TRK019611454,USPS,Johannesburg,Osaka,Cancelled,24/02/2023,27/09/2024
228,323,TRK308645826,DTDC,Oslo,Kuala Lumpur,Pending,10/02/2024,15/11/2024
229,412,TRK832180503,Ekart,Geneva,Casablanca,Received,29/08/2022,07/10/2024
230,73,TRK850413802,4PX,Zarqa,Bangkok,Delivered,19/09/2022,16/01/2025
231,471,TRK240089585,TNT,Doha,London,Pending,20/08/2022,15/11/2024
232,208,TRK146390861,SMSA Express,Singapore,Copenhagen,Delivered,01/07/2021,16/09/2024
233,46,TRK681663318,SMSA Express,Tokyo,Melbourne,Received,24/09/2021,05/02/2025
234,381,TRK185076681,China Post,Amman,Kuala Lumpur,Received,25/12/2022,15/10/2024
235,186,TRK869406997,PostaPlus,Manama,Toronto,Pending,07/06/2023,17/03/2025
236,198,TRK114240240,Lalamove,Dubai,Helsinki,Received,19/01/2022,14/12/2024
237,208,TRK561415160,SMSA Express,Nairobi,Vienna,Pending,17/08/2021,20/12/2024
238,491,TRK784884191,Barq Express,Beijing,Tokyo,Delivered,04/04/2022,25/01/2025
239,280,TRK290137407,Anteraja,Jeddah,Osaka,Pending,13/03/2022,08/12/2024
240,162,TRK805448364,Blue Dart,Los Angeles,Bengaluru,Received,10/01/2022,03/12/2024
241,291,TRK046047213,Saudi Post,Beijing,Mumbai,Received,22/07/2022,21/11/2024
242,243,TRK004460421,Anteraja,Zurich,Zarqa,Received,22/11/2022,14/11/2024
243,197,TRK153843664,4PX,Singapore,São Paulo,Delivered,12/05/2023,01/04/2025
244,330,TRK690122420,PostNL,Vancouver,Oslo,Delivered,27/12/2022,05/10/2024
245,293,TRK460252373,Kerry Express,Casablanca,Shanghai,Delivered,27/08/2023,11/01/2025
246,332,TRK741538120,NZ Post,Berlin,Melbourne,Delivered,27/02/2022,17/11/2024
247,401,TRK912449763,Noon Express,Amman,Kuwait City,Delivered,07/03/2024,07/10/2024
248,353,TRK443587334,Blue Dart,Bangkok,Bangkok,Pending,01/03/2024,20/09/2024
249,337,TRK321709520,Hermes,Tokyo,Johannesburg,Cancelled,09/03/2022,01/11/2024
250,470,TRK272178401,TNT,Frankfurt,Johannesburg,Pending,24/12/2023,03/12/2024
251,46,TRK391952864,China Post,Dubai,São Paulo,Pending,04/03/2022,26/11/2024
252,327,TRK587139729,FedEx,Singapore,Istanbul,Delivered,04/10/2021,01/03/2025
253,410,TRK992411835,Kerry Express,Shanghai,Beirut,Received,26/02/2023,12/02/2025
254,14,TRK644786229,SMSA Express,Beirut,Kuwait City,Delivered,07/08/2021,22/11/2024
255,333,TRK258454020,Barq Express,Irbid,São Paulo,Cancelled,03/08/2021,30/10/2024
256,367,TRK483369792,JNE Express,Beirut,Copenhagen,Pending,16/03/2023,25/12/2024
257,489,TRK140210174,La Poste,Amman,Melbourne,Received,07/07/2023,29/10/2024
258,237,TRK107488081,Korea Post,Bengaluru,Mumbai,Pending,12/11/2022,07/02/2025
259,256,TRK595046943,Toll Group,Zurich,Hong Kong,Received,04/06/2022,14/09/2024
260,295,TRK202826026,Qxpress,Kuala Lumpur,Casablanca,Delivered,25/10/2023,23/09/2024
261,2,TRK055880177,Correos,Zurich,London,Delivered,15/05/2024,31/03/2025
262,449,TRK588868482,UPS,New York,Vienna,Cancelled,10/11/2023,15/03/2025
263,485,TRK268601779,FedEx,Cairo,London,Received,11/01/2023,26/11/2024
264,64,TRK765610543,JNE Express,Mumbai,Johannesburg,Delivered,26/04/2024,10/09/2024
265,347,TRK367900889,Toll Group,Paris,Bengaluru,Cancelled,12/05/2021,13/11/2024
266,194,TRK352665578,MyUS,London,São Paulo,Pending,11/04/2023,10/09/2024
267,314,TRK113220332,Anteraja,Amman,London,Received,20/01/2022,04/02/2025
268,384,TRK614570599,DHL eCommerce,Madrid,Sydney,Delivered,02/08/2023,20/10/2024
269,491,TRK927175746,J&T Express,Stockholm,Manila,Pending,07/05/2022,14/01/2025
270,101,TRK265555066,DTDC,Mumbai,Manila,Cancelled,21/01/2024,09/04/2025
271,277,TRK270017435,TNT,Rome,Vienna,Cancelled,26/09/2021,11/01/2025
272,262,TRK573011428,Kerry Express,Casablanca,New York,Cancelled,26/03/2023,24/01/2025
273,362,TRK382269232,China Post,Sydney,Oslo,Cancelled,20/03/2023,05/02/2025
274,378,TRK385855544,EMS,Tunis,Berlin,Cancelled,23/02/2024,08/04/2025
275,64,TRK158728309,Gati,Rome,Jakarta,Received,20/02/2024,28/10/2024
276,410,TRK573587031,Ninja Xpress,Muscat,Manama,Cancelled,24/02/2024,03/02/2025
277,84,TRK774330297,Pos Malaysia,London,Casablanca,Cancelled,30/12/2022,22/02/2025
278,458,TRK066598524,Delhivery,Jakarta,Los Angeles,Received,18/11/2023,12/01/2025
279,424,TRK123177413,SF Express,New York,Berlin,Pending,29/01/2023,29/12/2024
280,142,TRK246695130,NZ Post,Istanbul,Tokyo,Pending,09/05/2021,20/10/2024
281,64,TRK493270709,Ninja Van,Istanbul,Tokyo,Cancelled,13/11/2022,04/12/2024
282,294,TRK786443449,Fastway,Stockholm,Zarqa,Received,01/10/2022,05/01/2025
283,73,TRK233689784,J&T Express,Bangkok,São Paulo,Received,20/07/2023,11/09/2024
284,57,TRK888261640,UPS,Rome,Manama,Cancelled,16/03/2021,17/03/2025
285,346,TRK577916243,Toll Group,Brussels,Amsterdam,Cancelled,08/11/2021,31/01/2025
286,384,TRK523331494,Pos Malaysia,Vienna,Paris,Received,16/11/2022,06/12/2024
287,309,TRK363334133,iMile,Amsterdam,Mumbai,Cancelled,02/07/2024,12/12/2024
288,160,TRK191563620,Barq Express,Kuala Lumpur,Manila,Delivered,16/08/2021,24/01/2025
289,312,TRK163951639,DHL Express,Seoul,São Paulo,Delivered,10/08/2021,07/04/2025
290,45,TRK151387624,Royal Mail,Osaka,Istanbul,Received,18/05/2021,04/11/2024
291,155,TRK990950958,Ekart,Zurich,Irbid,Received,03/10/2023,03/11/2024
292,386,TRK273914219,CityLink,Geneva,London,Delivered,03/08/2021,07/09/2024
293,215,TRK412341202,Ekart,Osaka,Stockholm,Pending,13/05/2022,17/02/2025
294,113,TRK011663565,Blue Dart,Amman,Paris,Delivered,26/04/2024,14/02/2025
295,426,TRK633774206,Correos,Kuwait City,Doha,Pending,21/01/2024,13/12/2024
296,91,TRK644969123,Sicepat,Los Angeles,Hong Kong,Delivered,15/09/2023,30/12/2024
297,177,TRK851819983,Hermes,Brussels,Beijing,Pending,16/12/2023,06/12/2024
298,204,TRK802065065,Canada Post,Manama,Manama,Received,06/06/2023,11/04/2025
299,143,TRK783703328,EMS,Brussels,Brussels,Delivered,25/06/2022,03/11/2024
300,9,TRK868119567,Australia Post,Casablanca,Jeddah,Delivered,05/06/2022,08/02/2025
301,451,TRK815693818,Australia Post,Manila,Manama,Delivered,10/10/2022,02/02/2025
302,185,TRK934709140,SMSA Express,São Paulo,Nairobi,Cancelled,24/10/2021,30/01/2025
303,118,TRK669562167,EMS,Geneva,Sydney,Delivered,25/10/2021,13/09/2024
304,363,TRK194577357,DPD,Dubai,Copenhagen,Delivered,02/10/2022,07/09/2024
305,240,TRK525215192,Pos Malaysia,Doha,Shanghai,Cancelled,20/02/2022,27/12/2024
306,315,TRK904087989,USPS,Berlin,Amman,Received,09/12/2021,13/04/2025
307,338,TRK672801062,India Post,Geneva,Zurich,Received,16/06/2024,20/10/2024
308,57,TRK968322184,JNE Express,Buenos Aires,Cape Town,Delivered,01/08/2022,03/09/2024
309,426,TRK265020317,Blue Dart,Copenhagen,Muscat,Pending,01/04/2022,22/11/2024
310,453,TRK655965851,4PX,São Paulo,Stockholm,Cancelled,26/07/2022,01/11/2024
311,197,TRK083389234,Correos,Helsinki,Karachi,Received,14/07/2024,01/11/2024
312,37,TRK844185423,iMile,Mexico City,Helsinki,Delivered,15/11/2021,28/03/2025
313,50,TRK880285572,SF Express,Delhi,Doha,Received,13/08/2022,20/09/2024
314,69,TRK841288986,DHL,Muscat,Cairo,Delivered,13/04/2021,10/01/2025
315,66,TRK343740693,Quiqup,Nairobi,Stockholm,Delivered,04/04/2024,26/12/2024
316,12,TRK758044325,Blue Dart,Sydney,Bengaluru,Delivered,12/08/2021,30/12/2024
317,284,TRK493677929,Saudi Post,Melbourne,Baghdad,Received,19/01/2023,26/01/2025
318,176,TRK114504599,Korea Post,São Paulo,Sydney,Pending,28/08/2024,10/03/2025
319,352,TRK609104176,Qxpress,Riyadh,Riyadh,Pending,17/02/2023,05/10/2024
320,480,TRK883262648,Toll Group,Brussels,Muscat,Pending,10/01/2024,24/11/2024
321,35,TRK220648550,DHL Express,Irbid,Kuwait City,Cancelled,29/05/2021,27/03/2025
322,181,TRK993264677,Australia Post,Bangkok,Geneva,Pending,12/03/2022,28/09/2024
323,401,TRK148448728,Toll Group,Zurich,Bengaluru,Received,23/05/2023,26/10/2024
324,299,TRK908947324,DHL,Beijing,Mexico City,Pending,21/03/2022,03/01/2025
325,396,TRK492014296,Fastway,Casablanca,Zarqa,Received,07/02/2022,23/02/2025
326,76,TRK141323218,Asendia,Manama,London,Delivered,01/09/2022,14/03/2025
327,198,TRK416603749,Quiqup,Tunis,Dubai,Cancelled,09/08/2021,23/01/2025
328,218,TRK701835070,Ninja Xpress,Cape Town,Hong Kong,Received,07/10/2021,13/03/2025
329,374,TRK798996920,Sicepat,Paris,Frankfurt,Delivered,11/07/2024,26/03/2025
330,384,TRK658554735,FedEx,Paris,Beijing,Delivered,22/04/2021,08/02/2025
331,250,TRK344398402,J&T Express,Frankfurt,Vienna,Received,03/04/2021,06/01/2025
332,396,TRK083620331,Asendia,Zurich,Buenos Aires,Pending,26/04/2023,14/11/2024
333,331,TRK014423690,Australia Post,Jeddah,London,Cancelled,25/08/2021,28/10/2024
334,480,TRK401409567,Japan Post,Beijing,Berlin,Received,19/08/2023,24/01/2025
335,224,TRK030615775,Delhivery,Berlin,Cape Town,Delivered,19/05/2022,28/09/2024
336,155,TRK192240153,Noon Express,New York,Zarqa,Cancelled,18/06/2023,10/09/2024
337,89,TRK011768330,Jeebly,Copenhagen,Seoul,Cancelled,05/01/2022,02/01/2025
338,389,TRK588634387,Aramex,Melbourne,São Paulo,Pending,08/08/2023,28/10/2024
339,29,TRK851284612,NZ Post,Manama,Paris,Pending,19/06/2021,24/03/2025
340,251,TRK765122096,Japan Post,Karachi,Jakarta,Delivered,28/03/2023,18/10/2024
341,65,TRK114398516,Ninja Xpress,Cairo,Vancouver,Pending,17/09/2022,08/01/2025
342,313,TRK887348656,Toll Group,Bangkok,Jeddah,Pending,15/04/2022,10/03/2025
343,98,TRK307461313,iMile,Karachi,Frankfurt,Cancelled,28/02/2021,29/01/2025
344,284,TRK076023223,Korea Post,Aqaba,Jeddah,Cancelled,02/11/2023,02/02/2025
345,291,TRK045608025,DHL,Copenhagen,Paris,Delivered,25/09/2023,06/11/2024
346,294,TRK943951723,Yanwen,Jeddah,Riyadh,Received,13/07/2021,09/09/2024
347,484,TRK211266105,Ninja Van,Bangkok,Singapore,Delivered,08/02/2022,14/11/2024
348,379,TRK923235255,DHL eCommerce,Sydney,Kuala Lumpur,Delivered,01/09/2021,12/09/2024
349,238,TRK932533926,SF Express,Oslo,Muscat,Received,09/06/2023,16/03/2025
350,301,TRK225494233,DHL eCommerce,São Paulo,Shanghai,Delivered,14/07/2021,06/02/2025
351,91,TRK852289363,DHL,Amman,Helsinki,Received,24/12/2021,01/04/2025
352,453,TRK111739309,DTDC,Cairo,Manila,Pending,09/03/2021,08/11/2024
353,307,TRK870938910,Sendle,Bangkok,Helsinki,Cancelled,03/07/2023,12/12/2024
354,88,TRK870997919,UPS,Cape Town,Paris,Pending,27/04/2024,30/01/2025
355,263,TRK211277848,SF Express,Manila,Abu Dhabi,Delivered,09/04/2022,20/09/2024
356,111,TRK569345922,Lalamove,Karachi,Mexico City,Cancelled,04/07/2023,15/01/2025
357,8,TRK221311375,Fastway,Rome,Tunis,Pending,27/06/2021,30/01/2025
358,257,TRK168418641,J&T Express,Kuala Lumpur,Mexico City,Delivered,26/12/2022,02/02/2025
359,425,TRK846212159,NZ Post,Nairobi,Oslo,Delivered,16/04/2022,24/10/2024
360,12,TRK894370411,Naqel Express,Kuwait City,Singapore,Cancelled,09/04/2023,20/03/2025
361,457,TRK467917245,Pos Malaysia,Osaka,Paris,Delivered,18/11/2022,03/11/2024
362,36,TRK845276535,NZ Post,Seoul,Shanghai,Received,02/10/2022,03/12/2024
363,99,TRK309334665,Zajil Express,Berlin,Seoul,Cancelled,27/08/2022,11/12/2024
364,241,TRK403409273,Gati,Osaka,Toronto,Cancelled,21/10/2021,13/12/2024
365,481,TRK399322377,iMile,Mumbai,Beijing,Delivered,17/09/2022,25/09/2024
366,202,TRK489544048,Parcelforce,Berlin,Melbourne,Received,03/07/2024,09/01/2025
367,285,TRK711384215,Parcelforce,London,Brussels,Received,11/11/2021,08/12/2024
368,471,TRK679297772,La Poste,Muscat,Irbid,Received,30/11/2021,06/12/2024
369,251,TRK635819979,JNE Express,Cape Town,Mexico City,Cancelled,30/04/2021,18/04/2025
370,188,TRK014169990,DTDC,Karachi,Rome,Pending,18/11/2021,14/09/2024
371,295,TRK869454382,NZ Post,Istanbul,Jeddah,Pending,18/05/2024,02/11/2024
372,388,TRK878192264,JNE Express,Kuwait City,Zarqa,Received,03/11/2023,02/09/2024
373,30,TRK108156181,J&T Express,Vienna,Kuwait City,Pending,27/11/2022,31/10/2024
374,309,TRK306170085,Shopee Xpress,New York,Kuwait City,Cancelled,05/03/2023,17/11/2024
375,238,TRK546773724,UPS,Manama,Zurich,Cancelled,28/02/2024,29/03/2025
376,210,TRK829832153,Fastway,Doha,Los Angeles,Cancelled,27/09/2021,22/03/2025
377,347,TRK992984441,Asendia,Helsinki,Seoul,Delivered,30/12/2023,21/10/2024
378,35,TRK515541666,Parcelforce,Geneva,Beijing,Delivered,30/11/2022,08/04/2025
379,496,TRK899200207,Parcelforce,Baghdad,Seoul,Received,04/07/2021,22/12/2024
380,276,TRK396545878,Yanwen,Istanbul,Muscat,Pending,10/10/2022,17/02/2025
381,137,TRK227474872,Yanwen,Nairobi,Irbid,Received,13/05/2023,04/09/2024
382,163,TRK600261315,Fastway,Osaka,Seoul,Cancelled,01/03/2022,17/02/2025
383,69,TRK592065354,Zajil Express,Rome,Johannesburg,Pending,02/03/2024,17/04/2025
384,344,TRK467771199,Australia Post,Zarqa,Johannesburg,Cancelled,15/03/2022,22/11/2024
385,193,TRK152629964,Jeebly,Toronto,Karachi,Cancelled,20/08/2023,03/02/2025
386,34,TRK430132382,USPS,London,São Paulo,Pending,18/01/2024,09/12/2024
387,456,TRK718540960,Skynet,Frankfurt,Frankfurt,Delivered,18/10/2022,28/02/2025
388,474,TRK864483854,4PX,Bengaluru,Karachi,Received,25/03/2023,27/02/2025
389,221,TRK050727209,Anteraja,Baghdad,Amman,Received,05/08/2021,25/11/2024
390,301,TRK555242521,NZ Post,Melbourne,Zurich,Received,22/04/2022,13/09/2024
391,252,TRK924387178,China Post,Seoul,Amsterdam,Received,24/07/2021,17/02/2025
392,202,TRK570290202,Skynet,Copenhagen,Seoul,Delivered,22/05/2023,01/01/2025
393,30,TRK234140559,FedEx,Kuwait City,Beirut,Delivered,10/01/2022,12/04/2025
394,408,TRK519180914,Fetchr,Beijing,Kuwait City,Received,01/09/2021,12/10/2024
395,379,TRK635569427,DTDC,Dubai,Irbid,Delivered,23/01/2022,07/10/2024
396,191,TRK554092526,Korea Post,Aqaba,Jakarta,Pending,26/11/2021,04/12/2024
397,412,TRK603150151,CityLink,Baghdad,Muscat,Cancelled,02/08/2024,22/01/2025
398,234,TRK497997005,Shopee Xpress,Melbourne,Istanbul,Cancelled,22/05/2024,16/12/2024
399,89,TRK531689981,PostNL,Seoul,Paris,Received,10/05/2024,17/02/2025
400,292,TRK566712750,Delhivery,Amman,Casablanca,Delivered,19/08/2021,23/12/2024
401,308,TRK482997302,Gati,Tunis,Irbid,Received,31/08/2021,05/01/2025
402,481,TRK965017168,Parcelforce,Cape Town,Istanbul,Delivered,25/07/2023,19/02/2025
403,243,TRK284035829,PostaPlus,Melbourne,Johannesburg,Pending,31/03/2024,10/11/2024
404,184,TRK949067843,Blue Dart,Oslo,São Paulo,Pending,16/07/2023,15/09/2024
405,411,TRK826978000,Correos,Helsinki,Mexico City,Delivered,11/09/2021,05/04/2025
406,435,TRK609737244,Royal Mail,Helsinki,Jakarta,Pending,31/03/2023,08/09/2024
407,133,TRK808038302,Sendle,Jakarta,Irbid,Received,21/03/2023,22/04/2025
408,172,TRK108962097,Pos Malaysia,Oslo,Singapore,Received,05/01/2023,29/03/2025
409,330,TRK653524313,Sendle,Buenos Aires,Toronto,Pending,24/03/2023,12/10/2024
410,130,TRK817403110,4PX,Doha,Tokyo,Cancelled,22/02/2021,19/01/2025
411,50,TRK142807419,India Post,São Paulo,Johannesburg,Pending,14/07/2023,21/04/2025
412,398,TRK862541301,Correos,New York,Istanbul,Delivered,08/04/2023,24/01/2025
413,228,TRK046308158,Ekart,Zarqa,Paris,Cancelled,27/08/2022,10/11/2024
414,412,TRK341867316,DHL eCommerce,Beijing,Sydney,Received,27/11/2023,20/10/2024
415,375,TRK798310826,Naqel Express,Doha,Cairo,Delivered,13/05/2023,19/09/2024
416,232,TRK157908744,Canada Post,Vienna,Karachi,Pending,03/01/2024,02/01/2025
417,233,TRK914560582,Anteraja,Bangkok,Hong Kong,Pending,25/08/2024,02/09/2024
418,179,TRK405965417,Korea Post,Paris,Baghdad,Delivered,01/05/2024,22/09/2024
419,286,TRK553032396,iMile,Toronto,New York,Pending,07/11/2022,17/03/2025
420,124,TRK699232171,Emirates Post,Shanghai,Berlin,Received,07/05/2023,20/03/2025
421,227,TRK077273946,Royal Mail,Stockholm,Mumbai,Received,12/04/2023,08/11/2024
422,211,TRK083511546,Sendle,Hong Kong,Mumbai,Cancelled,17/08/2024,03/03/2025
423,105,TRK506436079,India Post,Rome,Vancouver,Received,03/12/2023,06/02/2025
424,126,TRK027687426,J&T Express,Frankfurt,Berlin,Delivered,25/01/2024,16/10/2024
425,365,TRK873043019,SF Express,Brussels,Amman,Pending,20/11/2022,28/09/2024
426,329,TRK954703299,Naqel Express,Manila,Stockholm,Received,02/03/2024,16/01/2025
427,461,TRK891054219,Ninja Van,Mexico City,Mumbai,Delivered,03/01/2023,02/03/2025
428,489,TRK044613517,Correos,Istanbul,Bangkok,Cancelled,14/01/2024,23/02/2025
429,222,TRK643635403,Barq Express,Copenhagen,Toronto,Pending,19/01/2022,15/01/2025
430,318,TRK861541580,La Poste,Tunis,São Paulo,Cancelled,07/10/2023,14/12/2024
431,51,TRK064004686,PostNL,Rome,Geneva,Received,11/01/2023,29/11/2024
432,305,TRK381453806,Skynet,Tokyo,Berlin,Cancelled,12/06/2024,29/12/2024
433,304,TRK810951286,Zajil Express,Amsterdam,Istanbul,Received,01/03/2022,28/02/2025
434,157,TRK839775393,Yodel,Jakarta,Vienna,Delivered,15/04/2023,04/10/2024
435,38,TRK993487682,NZ Post,Amman,Jakarta,Received,16/12/2021,11/12/2024
436,341,TRK058408116,Yodel,Tokyo,Mumbai,Delivered,03/04/2022,04/09/2024
437,168,TRK013742343,Skynet,Jeddah,Singapore,Delivered,09/06/2024,23/10/2024
438,407,TRK990057178,Qxpress,Madrid,Baghdad,Received,08/08/2021,19/09/2024
439,260,TRK226980840,Emirates Post,Vancouver,Geneva,Delivered,01/01/2022,28/10/2024
440,114,TRK555612237,Quiqup,Paris,Beijing,Delivered,04/05/2021,02/10/2024
441,178,TRK230606237,Saudi Post,Sydney,Seoul,Received,28/01/2023,08/10/2024
442,438,TRK352515290,Correos,Muscat,Sydney,Delivered,05/03/2022,22/02/2025
443,220,TRK822715669,Fetchr,Jakarta,Bangkok,Received,26/08/2024,21/10/2024
444,302,TRK857464741,Fastway,Paris,Buenos Aires,Pending,29/11/2022,02/04/2025
445,33,TRK085890906,TNT,Muscat,Manama,Cancelled,23/05/2023,01/02/2025
446,46,TRK125850478,India Post,Jakarta,Doha,Cancelled,29/10/2023,01/04/2025
447,284,TRK388649815,India Post,Casablanca,Kuwait City,Pending,21/08/2021,18/03/2025
448,296,TRK799916852,DPD,Tokyo,Cairo,Delivered,11/04/2021,02/11/2024
449,127,TRK712537609,PostNL,Bengaluru,Mexico City,Cancelled,19/10/2021,21/10/2024
450,47,TRK178804207,Canada Post,Vienna,Osaka,Delivered,10/02/2024,07/12/2024
451,214,TRK278187182,Ninja Xpress,Dubai,Sydney,Received,30/04/2022,14/12/2024
452,21,TRK518467265,Barq Express,Vancouver,Nairobi,Received,16/10/2021,23/02/2025
453,359,TRK007537411,Delhivery,Nairobi,Shanghai,Delivered,23/10/2022,15/04/2025
454,445,TRK247412062,Korea Post,Sydney,London,Cancelled,27/10/2021,16/03/2025
455,139,TRK030092722,Cainiao,Copenhagen,Karachi,Delivered,26/12/2023,30/12/2024
456,359,TRK534588191,Saudi Post,Singapore,Kuala Lumpur,Pending,02/01/2023,07/01/2025
457,236,TRK884383291,Delhivery,Beirut,Shanghai,Cancelled,26/03/2022,31/10/2024
458,117,TRK868405254,Delhivery,Singapore,London,Received,05/01/2022,08/04/2025
459,423,TRK114702394,Ekart,Toronto,Jakarta,Pending,12/10/2023,29/12/2024
460,107,TRK379561124,NZ Post,Johannesburg,Manila,Received,18/03/2021,03/02/2025
461,387,TRK731507279,Quiqup,Istanbul,Kuwait City,Pending,24/11/2023,13/11/2024
462,483,TRK348616757,DHL Express,Rome,Bengaluru,Cancelled,17/03/2024,15/03/2025
463,145,TRK743417392,Japan Post,Oslo,Rome,Received,29/06/2023,01/02/2025
464,355,TRK481610823,SMSA Express,Casablanca,Tunis,Delivered,29/07/2023,20/04/2025
465,123,TRK457847040,Anteraja,Amman,Beirut,Cancelled,08/10/2022,03/12/2024
466,389,TRK496585128,Australia Post,Manama,Manama,Delivered,11/11/2021,03/03/2025
467,171,TRK997759907,Kerry Express,Cape Town,Oslo,Received,09/10/2022,20/03/2025
468,63,TRK651488870,Sendle,Madrid,Buenos Aires,Cancelled,18/08/2022,15/03/2025
469,243,TRK874227051,Zajil Express,Oslo,Manama,Received,23/03/2023,08/12/2024
470,54,TRK537037659,Japan Post,Seoul,Toronto,Received,18/06/2023,02/11/2024
471,306,TRK639662810,Japan Post,Muscat,Vancouver,Delivered,06/05/2021,19/11/2024
472,490,TRK819447747,Correos,Amsterdam,Vienna,Received,09/07/2024,27/09/2024
473,55,TRK592170243,Saudi Post,Tunis,Sydney,Cancelled,27/08/2024,24/09/2024
474,20,TRK317926504,MyUS,Singapore,Baghdad,Received,29/09/2023,10/02/2025
475,236,TRK210033257,DHL eCommerce,Bangkok,Doha,Cancelled,27/05/2022,06/11/2024
476,277,TRK484678336,Noon Express,Sydney,Muscat,Cancelled,01/11/2021,12/09/2024
477,310,TRK372779290,USPS,Karachi,Brussels,Delivered,28/10/2022,11/10/2024
478,306,TRK049275443,Toll Group,Vienna,Abu Dhabi,Received,20/02/2022,13/01/2025
479,415,TRK304199354,UPS,Helsinki,Beijing,Received,07/07/2024,26/11/2024
480,358,TRK138759971,Zajil Express,Seoul,Zurich,Delivered,15/02/2024,02/04/2025
481,473,TRK242288568,Noon Express,Tokyo,Stockholm,Delivered,12/12/2023,24/03/2025
482,435,TRK499470929,Yodel,Vienna,Abu Dhabi,Cancelled,22/04/2021,25/11/2024
483,469,TRK984348055,Toll Group,Frankfurt,Manila,Received,03/06/2021,05/04/2025
484,307,TRK938383169,Ninja Van,London,Kuwait City,Received,28/03/2021,12/09/2024
485,315,TRK771383711,iMile,Vienna,New York,Pending,20/09/2022,25/03/2025
486,202,TRK558216392,DHL eCommerce,Shanghai,Mumbai,Pending,27/12/2021,29/01/2025
487,257,TRK913904423,UPS,Cape Town,Madrid,Cancelled,19/12/2023,06/09/2024
488,204,TRK415121379,Naqel Express,Beijing,Doha,Received,21/05/2022,18/01/2025
489,284,TRK931381267,SF Express,Delhi,Melbourne,Cancelled,18/04/2021,15/11/2024
490,88,TRK649728390,Korea Post,Singapore,Frankfurt,Cancelled,02/07/2023,24/11/2024
491,317,TRK723630204,Barq Express,Manila,Nairobi,Pending,24/07/2023,13/12/2024
492,14,TRK626778947,Anteraja,Amman,Shanghai,Pending,25/04/2024,30/03/2025
493,321,TRK724207438,Lalamove,Tunis,Casablanca,Cancelled,01/03/2021,16/11/2024
494,64,TRK266716912,JNE Express,Frankfurt,Bangkok,Delivered,19/08/2022,10/01/2025
495,343,TRK980064704,Fetchr,Casablanca,Manama,Delivered,29/09/2021,21/01/2025
496,393,TRK729286158,Gati,New York,Geneva,Received,29/04/2022,09/11/2024
497,283,TRK182588759,Fastway,Vancouver,Melbourne,Pending,20/01/2024,02/04/2025
498,279,TRK658735907,Hermes,Berlin,Delhi,Delivered,05/04/2022,29/03/2025
499,131,TRK343624696,DHL,Cape Town,Osaka,Received,15/02/2022,05/09/2024
500,123,TRK559172786,Anteraja,Toronto,Tunis,Received,21/08/2023,03/09/2024
501,289,TRK088689653,Fastway,Vancouver,Oslo,Pending,29/05/2022,08/12/2024
502,449,TRK934219618,Fastway,Shanghai,Bengaluru,Received,24/08/2024,16/10/2024
503,38,TRK442294972,EMS,Madrid,Abu Dhabi,Received,23/05/2024,18/04/2025
504,390,TRK230876498,Japan Post,Geneva,Cape Town,Delivered,27/07/2023,28/10/2024
505,49,TRK816103238,Australia Post,London,Amman,Cancelled,02/01/2024,10/01/2025
506,99,TRK540192842,Quiqup,Abu Dhabi,Beijing,Received,26/12/2021,26/01/2025
507,422,TRK464974618,Australia Post,Nairobi,Vancouver,Pending,16/03/2022,24/02/2025
508,256,TRK575658477,UPS,Baghdad,Abu Dhabi,Pending,29/07/2021,16/09/2024
509,279,TRK829327512,Pos Malaysia,Bangkok,Buenos Aires,Received,08/05/2022,21/03/2025
510,202,TRK405385169,Ekart,Buenos Aires,Toronto,Pending,04/11/2022,03/02/2025
511,203,TRK512149945,J&T Express,Geneva,Muscat,Delivered,22/05/2021,22/09/2024
512,113,TRK548873268,Aramex,Los Angeles,Brussels,Delivered,09/07/2022,23/01/2025
513,127,TRK013269152,PostNL,Toronto,Rome,Pending,29/04/2022,24/02/2025
514,404,TRK434507720,CityLink,Shanghai,Muscat,Delivered,21/03/2024,27/01/2025
515,48,TRK519084147,FedEx,Oslo,Kuala Lumpur,Pending,18/12/2022,04/01/2025
516,458,TRK311602003,PostaPlus,Johannesburg,Vienna,Pending,24/08/2022,02/02/2025
517,30,TRK963629240,Korea Post,Aqaba,New York,Cancelled,17/04/2022,01/03/2025
518,307,TRK222317977,Jeebly,Madrid,Muscat,Pending,23/11/2021,20/04/2025
519,109,TRK923204634,PostNL,Melbourne,Hong Kong,Delivered,23/07/2024,22/09/2024
520,19,TRK122770938,Fetchr,Mexico City,Dubai,Cancelled,06/05/2022,02/01/2025
521,265,TRK521280163,Saudi Post,Singapore,Helsinki,Pending,25/02/2022,15/02/2025
522,193,TRK088068460,La Poste,Hong Kong,Stockholm,Delivered,13/01/2022,01/04/2025
523,464,TRK593613242,Toll Group,São Paulo,Geneva,Delivered,19/11/2022,15/09/2024
524,185,TRK983355116,DHL Express,Manila,Singapore,Delivered,07/08/2022,20/12/2024
525,119,TRK809644058,Ninja Van,Muscat,Johannesburg,Pending,19/10/2021,06/01/2025
526,302,TRK806942305,SF Express,Sydney,Zurich,Received,03/05/2021,04/03/2025
527,332,TRK452535457,TNT,Osaka,Karachi,Pending,22/08/2021,26/11/2024
528,291,TRK150916926,Emirates Post,Cape Town,Paris,Received,11/07/2024,28/02/2025
529,244,TRK519560755,Ninja Van,Brussels,Beirut,Cancelled,13/06/2021,15/10/2024
530,339,TRK066821961,DHL Express,Rome,Vancouver,Cancelled,23/04/2023,18/04/2025
531,338,TRK196659504,Blue Dart,Riyadh,Geneva,Received,20/02/2023,10/04/2025
532,329,TRK100293427,DHL Express,Jakarta,Aqaba,Cancelled,04/10/2022,03/12/2024
533,64,TRK230195956,Noon Express,Copenhagen,Hong Kong,Received,14/05/2021,09/09/2024
534,225,TRK274473536,Noon Express,Sydney,Mexico City,Cancelled,19/04/2022,23/02/2025
535,481,TRK853036722,CityLink,Amsterdam,Istanbul,Cancelled,21/01/2022,03/03/2025
536,340,TRK282117410,Toll Group,Irbid,Buenos Aires,Received,03/09/2022,01/04/2025
537,364,TRK582178771,J&T Express,Madrid,Karachi,Received,31/07/2022,01/09/2024
538,442,TRK235223128,China Post,Shanghai,Bangkok,Received,02/03/2022,09/04/2025
539,334,TRK395136998,UPS,Mumbai,Manila,Cancelled,08/07/2021,07/02/2025
540,7,TRK059445043,Correos,Mumbai,Delhi,Delivered,22/10/2022,18/04/2025
541,61,TRK231046168,Royal Mail,Delhi,Amsterdam,Cancelled,10/06/2022,12/02/2025
542,70,TRK612063341,Blue Dart,Irbid,Brussels,Pending,21/04/2021,03/10/2024
543,405,TRK943050891,Correos,Buenos Aires,Berlin,Pending,22/09/2021,24/10/2024
544,493,TRK459180368,Saudi Post,Muscat,Singapore,Delivered,17/10/2022,29/11/2024
545,143,TRK227746260,Hermes,Frankfurt,Rome,Cancelled,01/04/2023,06/02/2025
546,43,TRK676114166,Lalamove,Madrid,Doha,Delivered,19/08/2022,28/01/2025
547,174,TRK536972757,Ninja Xpress,Manama,Istanbul,Received,28/07/2023,04/02/2025
548,400,TRK603254478,Asendia,Seoul,Riyadh,Received,12/02/2024,16/01/2025
549,18,TRK863976761,Zajil Express,Irbid,Sydney,Received,14/08/2023,03/04/2025
550,227,TRK898085984,Ninja Xpress,Kuala Lumpur,Kuwait City,Pending,28/07/2022,10/03/2025
551,120,TRK534383530,Emirates Post,Beirut,Geneva,Cancelled,13/02/2022,22/02/2025
552,62,TRK937121673,Lalamove,Muscat,Johannesburg,Pending,22/11/2023,09/12/2024
553,443,TRK366470806,Blue Dart,Mumbai,Beijing,Delivered,20/10/2022,13/11/2024
554,237,TRK207184276,DTDC,Berlin,Irbid,Delivered,02/02/2023,10/12/2024
555,229,TRK554341155,Toll Group,Johannesburg,Cairo,Cancelled,16/01/2024,06/02/2025
556,240,TRK264823761,SF Express,Cairo,Mumbai,Received,23/07/2021,01/10/2024
557,115,TRK928145849,Fetchr,Berlin,Berlin,Delivered,20/11/2023,28/01/2025
558,143,TRK307817503,EMS,Brussels,Beirut,Cancelled,15/01/2024,19/10/2024
559,174,TRK630624756,Ninja Van,Manila,Abu Dhabi,Received,02/07/2023,18/01/2025
560,253,TRK801463818,Kerry Express,Brussels,Amman,Received,14/02/2022,02/04/2025
561,384,TRK353216722,J&T Express,Zarqa,Vancouver,Pending,27/10/2023,17/12/2024
562,183,TRK434120383,Kerry Express,Vienna,Vancouver,Pending,19/02/2024,12/11/2024
563,329,TRK685882126,Korea Post,Beijing,Madrid,Cancelled,23/01/2023,02/04/2025
564,333,TRK515298112,Asendia,Beirut,Bengaluru,Cancelled,24/02/2022,29/03/2025
565,80,TRK990166125,Cainiao,Doha,Los Angeles,Cancelled,20/10/2022,12/02/2025
566,234,TRK723593414,Zajil Express,Stockholm,Irbid,Received,03/05/2021,26/10/2024
567,338,TRK967088051,China Post,Sydney,São Paulo,Delivered,22/07/2023,07/12/2024
568,427,TRK020715467,UPS,Rome,Dubai,Cancelled,25/01/2024,17/01/2025
569,406,TRK979397194,Parcelforce,Mexico City,Tunis,Pending,20/03/2024,22/12/2024
570,422,TRK719678578,USPS,Melbourne,Tunis,Delivered,14/09/2021,15/09/2024
571,487,TRK976100348,DHL Express,Riyadh,Seoul,Pending,09/08/2021,31/03/2025
572,239,TRK021772308,Saudi Post,Paris,Irbid,Cancelled,23/04/2024,23/12/2024
573,283,TRK693914655,Yanwen,Stockholm,Seoul,Delivered,21/08/2021,26/01/2025
574,90,TRK171594265,DHL eCommerce,Paris,Copenhagen,Cancelled,11/04/2022,28/01/2025
575,7,TRK809265763,Yodel,Amsterdam,Muscat,Received,29/06/2024,21/10/2024
576,105,TRK896380764,Fetchr,Johannesburg,Casablanca,Received,08/05/2023,20/10/2024
577,354,TRK836474800,Naqel Express,Vancouver,Bengaluru,Pending,12/09/2022,20/12/2024
578,31,TRK263790521,Saudi Post,Riyadh,Helsinki,Delivered,27/03/2023,19/10/2024
579,243,TRK282775520,Quiqup,Madrid,Doha,Cancelled,25/12/2021,22/09/2024
580,433,TRK597021377,DTDC,Seoul,Osaka,Cancelled,05/06/2021,01/12/2024
581,412,TRK052394996,UPS,Beirut,Hong Kong,Received,02/02/2022,13/10/2024
582,151,TRK073174310,Asendia,Casablanca,Riyadh,Delivered,14/02/2022,17/03/2025
583,206,TRK121639471,Gati,Kuwait City,Zarqa,Cancelled,23/11/2021,29/12/2024
584,34,TRK299836832,DHL,Copenhagen,Copenhagen,Delivered,03/02/2022,21/09/2024
585,285,TRK667177963,Fastway,New York,Geneva,Delivered,16/03/2024,10/04/2025
586,384,TRK083967011,Jeebly,Jakarta,Delhi,Cancelled,01/08/2021,04/04/2025
587,467,TRK760110350,Ninja Van,Madrid,Casablanca,Delivered,01/03/2022,15/02/2025
588,259,TRK744851568,Sicepat,Karachi,Zurich,Pending,27/05/2021,03/11/2024
589,216,TRK806151495,India Post,Copenhagen,New York,Delivered,17/03/2022,13/12/2024
590,207,TRK071242367,Gati,Zarqa,Shanghai,Pending,28/07/2024,11/03/2025
591,430,TRK410143020,SF Express,Los Angeles,Manama,Pending,26/07/2021,20/01/2025
592,394,TRK985169339,Cainiao,Amsterdam,Irbid,Delivered,14/01/2024,01/09/2024
593,101,TRK380641408,Barq Express,Nairobi,Singapore,Received,26/09/2022,21/11/2024
594,20,TRK397047735,Kerry Express,Jakarta,Kuala Lumpur,Received,09/07/2023,19/02/2025
595,120,TRK848056322,DPD,Vancouver,Paris,Cancelled,07/09/2023,24/01/2025
596,80,TRK576367358,Shopee Xpress,Johannesburg,Kuala Lumpur,Pending,28/10/2023,19/01/2025
597,203,TRK204281449,China Post,Casablanca,Manila,Cancelled,13/12/2023,03/09/2024
598,392,TRK222285522,Ekart,Frankfurt,Dubai,Received,19/04/2021,16/04/2025
599,4,TRK909001768,China Post,Buenos Aires,Berlin,Received,03/02/2022,20/10/2024
600,149,TRK702418936,Skynet,Seoul,Zarqa,Delivered,30/07/2021,30/10/2024
601,413,TRK450768398,Kerry Express,Hong Kong,Stockholm,Pending,07/07/2023,03/02/2025
602,373,TRK622092755,PostNL,Beijing,Dubai,Delivered,23/02/2021,14/02/2025
603,402,TRK905757598,iMile,São Paulo,Shanghai,Cancelled,30/05/2021,09/02/2025
604,418,TRK351428950,iMile,Paris,Tokyo,Delivered,23/03/2022,15/12/2024
605,202,TRK811788474,SF Express,Tunis,Brussels,Received,04/11/2021,27/02/2025
606,395,TRK448841593,EMS,Baghdad,Frankfurt,Received,15/08/2021,21/12/2024
607,244,TRK120267513,PostaPlus,Los Angeles,Brussels,Received,26/09/2021,01/10/2024
608,398,TRK896328845,Pos Malaysia,Amman,Nairobi,Received,07/12/2022,22/10/2024
609,490,TRK444214820,4PX,Helsinki,Copenhagen,Pending,17/02/2023,18/11/2024
610,78,TRK144353686,Toll Group,Bangkok,Dubai,Received,22/07/2022,18/12/2024
611,334,TRK978025512,PostNL,Cairo,Stockholm,Pending,19/01/2022,16/02/2025
612,447,TRK988597856,Toll Group,Jeddah,Tokyo,Pending,30/11/2022,02/10/2024
613,139,TRK071919919,Ekart,Sydney,Zurich,Received,13/02/2024,19/01/2025
614,444,TRK544383444,Fetchr,Johannesburg,Baghdad,Received,06/06/2021,15/10/2024
615,359,TRK332600718,Quiqup,Zurich,Kuwait City,Received,17/05/2022,19/10/2024
616,49,TRK038955102,Sicepat,Mexico City,Seoul,Received,15/08/2021,30/09/2024
617,276,TRK842555992,Quiqup,Osaka,Paris,Pending,18/04/2024,17/02/2025
618,224,TRK551885098,Sendle,Abu Dhabi,Copenhagen,Delivered,06/10/2021,01/10/2024
619,355,TRK384095242,Saudi Post,Vancouver,Buenos Aires,Delivered,03/10/2021,17/09/2024
620,243,TRK957933067,Emirates Post,New York,Paris,Received,21/12/2021,24/12/2024
621,58,TRK806597036,Australia Post,Karachi,Irbid,Delivered,17/03/2022,10/09/2024
622,141,TRK985611066,Saudi Post,Oslo,Nairobi,Cancelled,22/12/2023,14/04/2025
623,379,TRK343461555,Hermes,Helsinki,New York,Pending,11/05/2023,09/09/2024
624,434,TRK364696178,Cainiao,Tunis,Amsterdam,Cancelled,15/08/2021,25/12/2024
625,331,TRK153712907,Ninja Van,Vienna,Tunis,Cancelled,12/02/2024,01/10/2024
626,484,TRK799246719,Correos,Aqaba,Bangkok,Received,22/05/2022,18/01/2025
627,420,TRK165867862,Gati,Vienna,São Paulo,Cancelled,18/10/2023,14/03/2025
628,469,TRK941509510,Qxpress,Tokyo,Brussels,Pending,26/04/2021,15/04/2025
629,10,TRK946026481,Toll Group,Dubai,Beijing,Received,17/02/2022,15/01/2025
630,139,TRK589795744,Royal Mail,Tokyo,Dubai,Pending,09/06/2022,21/10/2024
631,104,TRK070400127,Parcelforce,Delhi,Zurich,Received,05/08/2023,29/03/2025
632,315,TRK949300786,PostNL,Karachi,Mexico City,Received,17/07/2021,02/01/2025
633,168,TRK390949132,Korea Post,Irbid,Johannesburg,Cancelled,30/01/2024,16/09/2024
634,463,TRK008542153,CityLink,Johannesburg,Geneva,Pending,04/09/2023,07/02/2025
635,63,TRK525006238,Quiqup,Johannesburg,Stockholm,Delivered,02/12/2022,16/04/2025
636,259,TRK698125757,CityLink,Irbid,Paris,Pending,10/08/2022,27/10/2024
637,276,TRK671218911,Australia Post,Jeddah,London,Cancelled,03/11/2021,14/09/2024
638,256,TRK613350400,Emirates Post,Zarqa,Doha,Received,18/05/2021,14/03/2025
639,447,TRK841112180,Anteraja,São Paulo,Geneva,Pending,26/03/2021,20/12/2024
640,111,TRK190912822,Asendia,Delhi,Cape Town,Received,06/02/2023,18/01/2025
641,124,TRK449473715,Emirates Post,New York,Melbourne,Delivered,29/10/2021,20/10/2024
642,113,TRK306605250,Toll Group,Bengaluru,Shanghai,Pending,14/06/2022,23/12/2024
643,350,TRK792487619,DHL,Mexico City,Zurich,Cancelled,25/07/2024,20/01/2025
644,6,TRK145236393,MyUS,Mexico City,Madrid,Cancelled,14/12/2023,17/04/2025
645,127,TRK907008829,4PX,Singapore,Beirut,Received,01/03/2021,05/03/2025
646,51,TRK219866659,Anteraja,Cairo,Los Angeles,Received,19/01/2022,06/11/2024
647,385,TRK687748534,NZ Post,Manila,New York,Delivered,05/08/2023,05/11/2024
648,289,TRK866425345,Korea Post,Berlin,Hong Kong,Pending,24/05/2021,25/09/2024
649,32,TRK109872716,SMSA Express,Los Angeles,Brussels,Pending,03/07/2024,25/12/2024
650,342,TRK021642355,Gati,Irbid,Muscat,Delivered,18/02/2023,31/01/2025
651,199,TRK944136134,EMS,Riyadh,Frankfurt,Delivered,17/06/2024,05/10/2024
652,72,TRK803773648,Australia Post,Sydney,Helsinki,Cancelled,17/01/2022,18/03/2025
653,312,TRK714050395,SF Express,Kuwait City,São Paulo,Received,28/09/2022,17/03/2025
654,257,TRK753669089,Japan Post,Beirut,Tokyo,Cancelled,05/10/2022,27/01/2025
655,472,TRK299005789,Ekart,New York,New York,Delivered,25/01/2023,21/12/2024
656,112,TRK356220224,JNE Express,Buenos Aires,Vienna,Cancelled,26/04/2022,29/01/2025
657,465,TRK501883721,NZ Post,Vancouver,Osaka,Pending,30/04/2024,03/04/2025
658,353,TRK535362455,Barq Express,Karachi,Cairo,Cancelled,14/05/2024,01/09/2024
659,57,TRK786180494,TNT,Singapore,Bengaluru,Received,17/05/2023,09/03/2025
660,451,TRK621655585,Blue Dart,Beirut,Muscat,Pending,20/09/2023,09/04/2025
661,229,TRK068536571,Canada Post,Berlin,Berlin,Cancelled,15/05/2021,09/12/2024
662,268,TRK975640191,DHL eCommerce,Manama,Irbid,Cancelled,14/09/2023,11/12/2024
663,129,TRK072054964,Shopee Xpress,Berlin,Beijing,Cancelled,06/03/2023,11/10/2024
664,368,TRK056909544,Delhivery,Tunis,Bengaluru,Cancelled,01/03/2024,28/02/2025
665,17,TRK136156698,CityLink,Singapore,Zurich,Pending,03/07/2022,25/02/2025
666,420,TRK015486546,Asendia,Rome,Frankfurt,Cancelled,08/10/2022,05/11/2024
667,71,TRK408898586,Naqel Express,Brussels,Nairobi,Pending,22/06/2022,21/01/2025
668,216,TRK503771566,TNT,Cape Town,Singapore,Cancelled,05/05/2021,11/11/2024
669,156,TRK838077225,La Poste,Delhi,Karachi,Delivered,14/10/2022,03/12/2024
670,290,TRK644956090,J&T Express,Beirut,Casablanca,Received,17/11/2021,21/03/2025
671,338,TRK221056858,Shopee Xpress,Abu Dhabi,Frankfurt,Received,06/10/2021,30/10/2024
672,8,TRK987874614,Gati,Mexico City,Kuala Lumpur,Received,02/08/2024,11/04/2025
673,396,TRK729894668,Sendle,Shanghai,Doha,Pending,02/09/2021,19/02/2025
674,168,TRK896092979,Japan Post,Jakarta,Tunis,Received,30/03/2024,08/12/2024
675,120,TRK709451658,PostNL,Baghdad,Doha,Delivered,08/06/2021,07/04/2025
676,182,TRK396315052,Korea Post,Rome,Jeddah,Cancelled,09/07/2021,10/10/2024
677,88,TRK170125325,TNT,London,Oslo,Delivered,22/12/2021,09/03/2025
678,497,TRK732980115,EMS,Istanbul,Sydney,Cancelled,03/03/2023,06/03/2025
679,466,TRK521741492,Ninja Xpress,Brussels,Jakarta,Cancelled,01/02/2023,24/02/2025
680,197,TRK107014329,Canada Post,Riyadh,Cape Town,Cancelled,24/04/2021,16/09/2024
681,485,TRK592430469,4PX,Kuwait City,Jeddah,Received,29/07/2023,05/09/2024
682,471,TRK463040498,Skynet,Seoul,Mexico City,Delivered,14/04/2021,01/02/2025
683,263,TRK977352626,Toll Group,Brussels,Casablanca,Received,25/03/2024,04/09/2024
684,472,TRK940095387,Aramex,Mumbai,Delhi,Cancelled,17/08/2023,24/10/2024
685,453,TRK654326580,Yanwen,Melbourne,Madrid,Pending,09/04/2023,23/02/2025
686,69,TRK856522557,Toll Group,Kuala Lumpur,London,Cancelled,17/10/2021,26/11/2024
687,86,TRK620205457,Canada Post,Cairo,Toronto,Pending,20/10/2021,15/09/2024
688,442,TRK944688768,Yanwen,Vancouver,Tokyo,Cancelled,20/12/2022,26/01/2025
689,95,TRK618365706,FedEx,Doha,Seoul,Pending,10/05/2023,04/01/2025
690,440,TRK984978586,EMS,Muscat,Vienna,Pending,10/02/2022,04/09/2024
691,278,TRK309124083,Sicepat,Baghdad,Los Angeles,Pending,12/01/2023,15/12/2024
692,357,TRK711491549,Royal Mail,Shanghai,Jakarta,Pending,03/12/2023,15/10/2024
693,487,TRK699942983,J&T Express,Riyadh,Riyadh,Pending,04/09/2023,16/12/2024
694,269,TRK918211475,Toll Group,Kuwait City,Vienna,Pending,22/04/2023,09/02/2025
695,16,TRK270242604,Naqel Express,Zarqa,Zarqa,Pending,09/09/2023,14/12/2024
696,110,TRK274102779,Zajil Express,Hong Kong,Berlin,Cancelled,17/06/2024,04/01/2025
697,190,TRK848366041,Sendle,Irbid,Seoul,Pending,25/06/2022,14/01/2025
698,234,TRK628989785,Blue Dart,Sydney,Irbid,Delivered,09/07/2022,11/11/2024
699,227,TRK057471439,PostaPlus,Abu Dhabi,Baghdad,Pending,24/08/2021,18/02/2025
700,56,TRK188892992,USPS,Istanbul,Zurich,Received,28/01/2022,08/03/2025
701,47,TRK060692869,FedEx,Karachi,Nairobi,Received,16/09/2021,26/01/2025
702,58,TRK826829608,Yodel,Casablanca,Oslo,Cancelled,07/07/2024,01/04/2025
703,94,TRK421279457,Toll Group,Paris,Irbid,Cancelled,28/02/2022,15/04/2025
704,258,TRK180959943,UPS,Amman,Hong Kong,Pending,19/06/2021,08/02/2025
705,42,TRK040599614,India Post,Bangkok,Bangkok,Pending,21/11/2021,23/03/2025
706,329,TRK338521303,EMS,Los Angeles,Helsinki,Cancelled,28/09/2022,04/10/2024
707,310,TRK777582479,J&T Express,Karachi,Frankfurt,Cancelled,30/04/2023,19/10/2024
708,78,TRK399210261,MyUS,Vancouver,Amsterdam,Delivered,24/11/2023,20/12/2024
709,499,TRK350141720,Quiqup,Johannesburg,Paris,Received,17/11/2023,09/11/2024
710,302,TRK658979127,Quiqup,New York,Tokyo,Delivered,18/12/2023,13/04/2025
711,103,TRK323740116,EMS,Rome,London,Pending,01/09/2021,26/01/2025
712,479,TRK190546962,Delhivery,Copenhagen,Hong Kong,Delivered,24/11/2022,21/12/2024
713,261,TRK320706225,FedEx,Sydney,Osaka,Received,06/08/2022,20/12/2024
714,354,TRK003767387,Hermes,Paris,Hong Kong,Delivered,02/05/2021,07/12/2024
715,278,TRK593443231,4PX,Helsinki,São Paulo,Delivered,06/08/2024,17/09/2024
716,367,TRK191548233,Ninja Van,New York,Jakarta,Cancelled,27/10/2023,09/03/2025
717,322,TRK263334393,Skynet,Muscat,Stockholm,Received,30/08/2022,18/12/2024
718,364,TRK362369771,DHL Express,Mumbai,Berlin,Received,04/11/2022,21/10/2024
719,485,TRK143944934,Fastway,Vienna,Cape Town,Received,04/12/2022,02/09/2024
720,215,TRK984710787,Zajil Express,São Paulo,Mumbai,Delivered,01/06/2022,18/12/2024
721,479,TRK396525318,NZ Post,Rome,Buenos Aires,Pending,17/02/2024,30/09/2024
722,377,TRK724512914,Canada Post,Buenos Aires,Cairo,Cancelled,22/02/2021,04/03/2025
723,169,TRK491151388,Delhivery,Manama,Geneva,Pending,23/10/2023,04/02/2025
724,229,TRK297521177,iMile,Buenos Aires,Los Angeles,Pending,19/01/2023,08/01/2025
725,160,TRK526777710,PostaPlus,Zarqa,Berlin,Delivered,09/08/2024,15/04/2025
726,347,TRK218715822,SF Express,Muscat,Bengaluru,Received,04/01/2023,29/03/2025
727,328,TRK997549873,Fetchr,Beirut,Riyadh,Delivered,28/01/2022,08/04/2025
728,329,TRK500131583,Noon Express,Mexico City,Tunis,Received,29/01/2022,13/11/2024
729,369,TRK188022801,Ninja Van,Sydney,Vienna,Delivered,24/05/2023,15/12/2024
730,273,TRK434240487,Canada Post,Sydney,Singapore,Received,13/06/2023,28/01/2025
731,416,TRK678649806,Ninja Van,Hong Kong,Stockholm,Pending,09/05/2023,06/04/2025
732,385,TRK612375625,CityLink,Muscat,São Paulo,Cancelled,02/08/2024,17/12/2024
733,475,TRK773335202,SMSA Express,Doha,São Paulo,Pending,16/06/2021,07/10/2024
734,404,TRK945726009,PostaPlus,Singapore,Vancouver,Delivered,19/09/2023,14/10/2024
735,83,TRK969836622,CityLink,Shanghai,Tunis,Cancelled,23/02/2022,23/01/2025
736,466,TRK479606016,UPS,New York,Stockholm,Cancelled,03/11/2023,21/02/2025
737,27,TRK737673451,SF Express,Aqaba,Helsinki,Cancelled,07/10/2021,17/03/2025
738,235,TRK004313447,JNE Express,Tokyo,Casablanca,Received,21/11/2023,18/12/2024
739,237,TRK770708358,FedEx,Aqaba,Dubai,Cancelled,04/05/2023,10/10/2024
740,419,TRK293390497,Sicepat,Delhi,Madrid,Cancelled,04/02/2022,18/04/2025
741,358,TRK458415373,DPD,Los Angeles,Zurich,Received,03/05/2024,05/09/2024
742,19,TRK664615106,Delhivery,Geneva,Berlin,Delivered,20/07/2023,15/04/2025
743,499,TRK157000427,India Post,London,Jakarta,Delivered,28/04/2023,29/10/2024
744,437,TRK696108526,Zajil Express,Istanbul,Doha,Cancelled,28/05/2024,28/02/2025
745,220,TRK995911448,CityLink,Delhi,Istanbul,Delivered,30/03/2021,30/09/2024
746,329,TRK040110459,Fastway,Singapore,Brussels,Delivered,01/11/2023,17/09/2024
747,495,TRK824814373,Saudi Post,Brussels,Vienna,Pending,10/04/2024,04/11/2024
748,353,TRK336552289,India Post,Mumbai,Helsinki,Received,01/08/2022,18/01/2025
749,376,TRK676838030,MyUS,Osaka,Geneva,Pending,27/06/2021,26/10/2024
750,210,TRK109072685,Shopee Xpress,Doha,Jeddah,Delivered,10/12/2022,28/03/2025
751,343,TRK459025795,Qxpress,Kuala Lumpur,Cairo,Received,29/11/2023,11/09/2024
752,9,TRK174820399,Toll Group,Abu Dhabi,São Paulo,Received,27/04/2022,14/03/2025
753,496,TRK843379535,Korea Post,Amman,Buenos Aires,Delivered,19/01/2022,15/03/2025
754,465,TRK276885784,Quiqup,Sydney,Osaka,Pending,01/04/2021,17/01/2025
755,284,TRK123407002,Anteraja,Nairobi,Frankfurt,Delivered,06/04/2023,04/01/2025
756,159,TRK391383611,MyUS,Hong Kong,Jakarta,Delivered,12/05/2022,19/02/2025
757,137,TRK403005439,Aramex,Amman,Doha,Cancelled,20/05/2022,21/03/2025
758,128,TRK426998354,Barq Express,Toronto,Paris,Cancelled,18/04/2021,13/12/2024
759,136,TRK034021148,Lalamove,Seoul,Kuwait City,Delivered,21/01/2023,15/09/2024
760,25,TRK689679384,Canada Post,Rome,Manama,Received,28/01/2022,26/09/2024
761,370,TRK786615045,Skynet,London,Tokyo,Delivered,09/04/2023,19/09/2024
762,296,TRK035537140,China Post,Aqaba,Bangkok,Cancelled,26/12/2022,15/03/2025
763,442,TRK734470001,La Poste,Singapore,Doha,Pending,14/09/2023,12/10/2024
764,433,TRK081814697,Toll Group,Kuwait City,Zarqa,Delivered,16/03/2023,26/12/2024
765,134,TRK121711186,Yanwen,Tunis,Tokyo,Pending,30/06/2021,03/02/2025
766,20,TRK143131359,Emirates Post,Amsterdam,Jakarta,Cancelled,22/02/2021,06/03/2025
767,37,TRK706532639,China Post,Rome,Mexico City,Delivered,05/04/2021,13/02/2025
768,195,TRK128186608,Anteraja,Singapore,Kuala Lumpur,Received,06/08/2024,08/01/2025
769,467,TRK481361659,Noon Express,New York,Bangkok,Pending,08/12/2022,05/10/2024
770,299,TRK456799005,Parcelforce,São Paulo,Buenos Aires,Delivered,11/12/2021,16/09/2024
771,498,TRK042460755,Zajil Express,Kuwait City,Beirut,Received,15/03/2023,23/10/2024
772,236,TRK830125632,Aramex,Johannesburg,Vienna,Pending,15/01/2023,09/01/2025
773,205,TRK628631403,DHL Express,Amsterdam,Stockholm,Delivered,07/10/2022,31/12/2024
774,56,TRK109139582,PostNL,Tunis,Sydney,Pending,08/07/2024,28/09/2024
775,349,TRK980762280,USPS,Dubai,Johannesburg,Delivered,01/12/2021,04/01/2025
776,421,TRK926419535,Kerry Express,Vancouver,Zurich,Cancelled,03/08/2024,23/10/2024
777,303,TRK579716253,SMSA Express,Baghdad,Beijing,Cancelled,24/09/2022,19/01/2025
778,424,TRK695981354,China Post,Beirut,Manila,Received,10/04/2021,09/10/2024
779,138,TRK872669077,La Poste,New York,Muscat,Received,14/02/2023,07/01/2025
780,333,TRK923881397,Naqel Express,Osaka,Casablanca,Pending,26/03/2023,28/09/2024
781,488,TRK567320877,Yanwen,Singapore,Copenhagen,Cancelled,22/06/2022,19/11/2024
782,220,TRK344876653,Toll Group,Hong Kong,Bengaluru,Delivered,11/02/2024,03/01/2025
783,163,TRK087580410,PostaPlus,Kuwait City,Doha,Cancelled,26/04/2021,29/01/2025
784,148,TRK480283963,PostaPlus,Madrid,Aqaba,Cancelled,28/08/2021,07/03/2025
785,450,TRK047631586,Hermes,Dubai,Stockholm,Received,08/07/2022,25/01/2025
786,478,TRK406974769,Kerry Express,Paris,Osaka,Pending,07/05/2021,23/12/2024
787,231,TRK253471531,Yodel,Jeddah,Cape Town,Received,19/05/2024,02/11/2024
788,301,TRK679409745,Anteraja,Hong Kong,Helsinki,Received,30/11/2023,13/11/2024
789,154,TRK756203032,NZ Post,Bangkok,Los Angeles,Pending,20/07/2023,13/02/2025
790,407,TRK960998459,SMSA Express,Manila,Kuwait City,Received,20/01/2023,08/12/2024
791,157,TRK256973933,Jeebly,Tokyo,Vienna,Delivered,26/01/2023,19/03/2025
792,326,TRK975364901,Gati,Helsinki,Riyadh,Cancelled,09/01/2023,30/03/2025
793,356,TRK616448817,4PX,Zarqa,Jeddah,Cancelled,04/10/2023,31/01/2025
794,14,TRK440442908,PostaPlus,Jakarta,Paris,Delivered,05/03/2021,13/02/2025
795,470,TRK801125246,Jeebly,Buenos Aires,Beijing,Cancelled,23/03/2023,05/01/2025
796,358,TRK505355804,FedEx,Cairo,São Paulo,Cancelled,24/03/2022,27/10/2024
797,379,TRK049847798,Kerry Express,Osaka,Melbourne,Pending,17/11/2023,27/03/2025
798,355,TRK318273125,PostaPlus,Irbid,Los Angeles,Cancelled,18/04/2023,16/09/2024
799,223,TRK694242383,Quiqup,Sydney,Casablanca,Pending,01/02/2022,08/10/2024
800,120,TRK191316372,Delhivery,Delhi,Manama,Pending,19/08/2021,28/03/2025
801,455,TRK173033747,SF Express,Shanghai,Toronto,Pending,14/08/2023,13/12/2024
802,433,TRK241447510,Kerry Express,Helsinki,Toronto,Received,09/05/2022,07/01/2025
803,398,TRK370620664,Asendia,Manila,Helsinki,Received,15/12/2023,15/02/2025
804,224,TRK404011596,Lalamove,Shanghai,Kuwait City,Delivered,06/09/2021,15/01/2025
805,214,TRK765388914,Jeebly,Beirut,Vancouver,Cancelled,05/12/2021,18/01/2025
806,162,TRK535505843,USPS,Aqaba,Geneva,Delivered,06/07/2024,09/12/2024
807,395,TRK685930256,Correos,London,Manama,Pending,20/01/2024,03/01/2025
808,79,TRK953929828,Toll Group,Oslo,São Paulo,Delivered,18/02/2023,24/03/2025
809,16,TRK959143405,Kerry Express,Paris,Dubai,Received,10/05/2022,04/04/2025
810,360,TRK275911034,Quiqup,Kuwait City,Amman,Delivered,18/10/2023,01/09/2024
811,429,TRK657079251,UPS,Manama,Manama,Received,01/04/2022,15/03/2025
812,239,TRK126467611,USPS,Irbid,Jeddah,Pending,19/05/2022,16/11/2024
813,287,TRK913566480,La Poste,Riyadh,Madrid,Delivered,09/12/2023,30/12/2024
814,262,TRK661497663,Yanwen,Frankfurt,Berlin,Received,27/07/2024,25/02/2025
815,413,TRK022758231,Barq Express,Buenos Aires,Helsinki,Cancelled,31/12/2021,22/03/2025
816,118,TRK317847928,Saudi Post,Paris,Jakarta,Cancelled,21/02/2024,05/01/2025
817,349,TRK206135382,Barq Express,London,Nairobi,Received,13/07/2023,01/04/2025
818,33,TRK305472098,J&T Express,Paris,Los Angeles,Received,15/04/2023,14/12/2024
819,71,TRK509525582,Lalamove,Paris,Amman,Cancelled,05/07/2022,07/11/2024
820,159,TRK139385650,FedEx,Jakarta,Frankfurt,Cancelled,28/03/2021,22/04/2025
821,337,TRK896554969,SMSA Express,Bengaluru,Vienna,Pending,17/10/2023,18/11/2024
822,60,TRK644531626,SMSA Express,Kuwait City,São Paulo,Cancelled,10/12/2021,18/12/2024
823,349,TRK996401574,Royal Mail,Riyadh,Aqaba,Cancelled,23/11/2023,28/12/2024
824,221,TRK789700664,Parcelforce,Berlin,Riyadh,Received,14/01/2022,22/12/2024
825,350,TRK023876335,Anteraja,Zurich,Berlin,Delivered,28/09/2022,04/02/2025
826,453,TRK122234075,Emirates Post,Abu Dhabi,Singapore,Pending,20/07/2023,02/02/2025
827,477,TRK825963047,Blue Dart,Karachi,Baghdad,Received,14/01/2022,16/11/2024
828,230,TRK975269615,Blue Dart,Bengaluru,Johannesburg,Pending,13/01/2022,22/03/2025
829,103,TRK540248646,DHL Express,London,Jeddah,Received,29/09/2021,17/12/2024
830,156,TRK996128006,Naqel Express,Seoul,Madrid,Pending,11/03/2021,25/09/2024
831,225,TRK573905441,Royal Mail,Mexico City,Muscat,Delivered,02/02/2022,12/02/2025
832,29,TRK218799179,J&T Express,Jakarta,Manila,Delivered,30/01/2022,14/03/2025
833,376,TRK065466162,La Poste,Abu Dhabi,Singapore,Pending,17/05/2022,21/02/2025
834,407,TRK881797304,Asendia,Vancouver,Buenos Aires,Pending,18/09/2021,26/02/2025
835,1,TRK758037564,Jeebly,Johannesburg,Copenhagen,Received,27/12/2023,18/09/2024
836,59,TRK121886084,Delhivery,Melbourne,Karachi,Delivered,12/04/2023,28/02/2025
837,198,TRK517722479,Ninja Van,Irbid,Doha,Cancelled,17/06/2022,13/01/2025
838,484,TRK954578042,TNT,Bengaluru,Delhi,Delivered,21/03/2022,31/12/2024
839,439,TRK687718833,Gati,Kuala Lumpur,Sydney,Delivered,02/10/2023,16/10/2024
840,284,TRK208072149,Ninja Xpress,Paris,London,Pending,19/06/2021,13/12/2024
841,463,TRK352587708,DTDC,Hong Kong,Copenhagen,Delivered,14/02/2022,10/03/2025
842,170,TRK318848567,Pos Malaysia,Aqaba,Paris,Delivered,26/11/2021,18/12/2024
843,216,TRK321748431,J&T Express,Vienna,New York,Delivered,28/06/2021,04/10/2024
844,468,TRK785423386,Naqel Express,Muscat,Nairobi,Cancelled,27/06/2022,20/04/2025
845,187,TRK313435545,Correos,Brussels,Zarqa,Pending,01/12/2021,20/10/2024
846,396,TRK990730225,NZ Post,Abu Dhabi,Amman,Cancelled,03/03/2022,03/04/2025
847,58,TRK992988905,Ekart,Tunis,Madrid,Received,08/08/2022,13/11/2024
848,197,TRK070477397,PostaPlus,Muscat,Istanbul,Delivered,28/02/2023,16/03/2025
849,35,TRK972680904,PostaPlus,Copenhagen,London,Cancelled,26/05/2022,06/03/2025
850,421,TRK466246865,Zajil Express,Shanghai,Rome,Pending,27/02/2024,08/04/2025
851,154,TRK330449819,DHL,Brussels,Hong Kong,Pending,09/09/2021,29/12/2024
852,45,TRK189978133,DHL,Vienna,Seoul,Received,26/05/2022,14/03/2025
853,409,TRK759226327,Royal Mail,Zarqa,Oslo,Delivered,12/04/2022,07/04/2025
854,89,TRK583478238,MyUS,Mumbai,Doha,Received,15/05/2024,31/01/2025
855,480,TRK678562190,Australia Post,Mexico City,Doha,Received,11/05/2023,13/09/2024
856,42,TRK495359498,La Poste,Manila,Abu Dhabi,Received,17/11/2023,05/02/2025
857,371,TRK509061938,Ninja Van,Vancouver,Nairobi,Cancelled,14/03/2022,13/02/2025
858,331,TRK446295293,Lalamove,Brussels,Paris,Pending,31/10/2021,05/01/2025
859,323,TRK860120529,Parcelforce,London,Seoul,Delivered,17/06/2022,22/01/2025
860,284,TRK643584906,Japan Post,Mexico City,Bangkok,Pending,25/03/2022,29/03/2025
861,300,TRK157834396,Shopee Xpress,Helsinki,Cape Town,Received,18/07/2023,07/11/2024
862,157,TRK877155843,FedEx,Brussels,Casablanca,Received,09/06/2021,16/09/2024
863,433,TRK844488687,Fetchr,Zarqa,Mumbai,Received,06/07/2023,31/03/2025
864,151,TRK398974577,PostaPlus,Delhi,Helsinki,Pending,31/05/2023,06/10/2024
865,99,TRK704937170,4PX,Jakarta,Karachi,Cancelled,10/05/2022,10/03/2025
866,52,TRK352113635,Ninja Van,Tokyo,Manila,Cancelled,13/12/2021,11/03/2025
867,349,TRK828584578,Ninja Xpress,Casablanca,Toronto,Cancelled,20/10/2021,12/12/2024
868,121,TRK422021292,Anteraja,Los Angeles,Frankfurt,Pending,02/03/2022,24/10/2024
869,119,TRK919341976,Correos,Mexico City,New York,Delivered,21/08/2022,16/12/2024
870,296,TRK343238976,Quiqup,Kuwait City,Brussels,Delivered,28/09/2021,28/10/2024
871,24,TRK955007216,Naqel Express,Nairobi,Cape Town,Received,10/02/2022,11/11/2024
872,65,TRK956597812,CityLink,Manama,Riyadh,Pending,15/04/2024,22/10/2024
873,473,TRK580367693,Yodel,Tokyo,Oslo,Received,16/08/2024,21/12/2024
874,367,TRK426459805,La Poste,Kuwait City,Mumbai,Cancelled,30/06/2023,08/09/2024
875,110,TRK786620914,Barq Express,Kuala Lumpur,Baghdad,Pending,06/05/2021,28/01/2025
876,296,TRK148381747,Barq Express,Bengaluru,Geneva,Pending,02/08/2023,27/09/2024
877,498,TRK215948740,JNE Express,Stockholm,Dubai,Pending,10/05/2022,31/01/2025
878,429,TRK836789216,China Post,Berlin,Stockholm,Delivered,30/01/2022,18/10/2024
879,368,TRK598496876,Blue Dart,Jakarta,Buenos Aires,Cancelled,17/06/2024,12/04/2025
880,376,TRK313673459,Fetchr,Melbourne,Muscat,Delivered,26/03/2021,09/02/2025
881,26,TRK967566875,Shopee Xpress,Singapore,Osaka,Pending,15/08/2023,25/11/2024
882,20,TRK038456105,Yodel,Shanghai,Kuala Lumpur,Cancelled,23/01/2024,07/02/2025
883,414,TRK988109551,JNE Express,Copenhagen,Muscat,Delivered,10/11/2022,13/03/2025
884,411,TRK970468738,Emirates Post,Beijing,Casablanca,Cancelled,11/07/2021,04/01/2025
885,266,TRK207514464,FedEx,Bengaluru,Abu Dhabi,Cancelled,20/04/2021,16/02/2025
886,151,TRK517084197,UPS,Amman,Casablanca,Cancelled,16/10/2022,14/10/2024
887,215,TRK713182286,Fastway,Baghdad,Tunis,Cancelled,18/08/2022,14/04/2025
888,455,TRK135493677,Saudi Post,Aqaba,Paris,Pending,09/02/2023,02/03/2025
889,159,TRK081993144,USPS,Berlin,Abu Dhabi,Pending,16/11/2022,21/02/2025
890,470,TRK175579261,Fetchr,Cairo,Osaka,Received,23/04/2022,26/12/2024
891,374,TRK796460133,Kerry Express,Osaka,Zurich,Delivered,23/06/2021,07/09/2024
892,473,TRK962950264,Aramex,Geneva,Riyadh,Pending,23/10/2022,08/10/2024
893,33,TRK974862639,Qxpress,Karachi,London,Cancelled,26/06/2021,14/03/2025
894,451,TRK270446798,Korea Post,Irbid,Istanbul,Cancelled,12/04/2023,16/04/2025
895,200,TRK055275144,Aramex,Brussels,Sydney,Received,13/11/2021,20/10/2024
896,180,TRK219849423,DHL eCommerce,Jeddah,Helsinki,Pending,13/07/2023,28/10/2024
897,283,TRK752542133,EMS,Cairo,Singapore,Pending,18/06/2022,01/02/2025
898,75,TRK222583044,Pos Malaysia,Cairo,Bangkok,Cancelled,27/04/2022,18/04/2025
899,350,TRK799291912,J&T Express,Stockholm,Riyadh,Received,02/06/2022,25/03/2025
900,499,TRK944725616,La Poste,Singapore,Mexico City,Received,10/02/2024,03/01/2025
901,58,TRK005279922,UPS,Muscat,Zurich,Received,03/01/2024,23/11/2024
902,46,TRK974993658,iMile,Mexico City,Tokyo,Cancelled,05/04/2023,18/09/2024
903,141,TRK426155594,Parcelforce,Jeddah,Muscat,Pending,16/09/2022,01/02/2025
904,164,TRK467712662,Fetchr,Madrid,Singapore,Delivered,14/05/2022,01/12/2024
905,244,TRK722062020,PostNL,Oslo,Aqaba,Pending,06/01/2022,04/11/2024
906,224,TRK687033406,Saudi Post,Doha,Hong Kong,Received,06/01/2023,14/01/2025
907,216,TRK807950412,JNE Express,Madrid,Manama,Delivered,31/08/2021,18/09/2024
908,224,TRK988529781,Noon Express,Kuwait City,Mumbai,Delivered,15/08/2021,10/10/2024
909,133,TRK626811847,Pos Malaysia,Oslo,Delhi,Delivered,19/04/2022,23/03/2025
910,87,TRK889513144,PostNL,Melbourne,Dubai,Delivered,21/08/2024,06/11/2024
911,365,TRK554388006,UPS,Riyadh,Dubai,Received,28/06/2024,19/02/2025
912,396,TRK795265397,TNT,Kuala Lumpur,Madrid,Cancelled,30/06/2023,20/10/2024
913,446,TRK802118122,USPS,Nairobi,Oslo,Cancelled,15/09/2021,23/11/2024
914,369,TRK994469687,Lalamove,Istanbul,Amsterdam,Pending,07/05/2021,20/03/2025
915,336,TRK071312319,Yodel,Doha,Oslo,Cancelled,26/06/2023,15/04/2025
916,480,TRK913880744,NZ Post,Istanbul,Frankfurt,Received,07/09/2022,17/11/2024
917,426,TRK599870882,Zajil Express,Toronto,Sydney,Delivered,27/04/2024,19/04/2025
918,462,TRK752455878,CityLink,Cape Town,Istanbul,Delivered,05/05/2023,15/01/2025
919,77,TRK517636609,Noon Express,Doha,Sydney,Received,20/11/2023,08/02/2025
920,440,TRK090006862,Jeebly,Dubai,Geneva,Delivered,22/09/2021,03/11/2024
921,158,TRK505281582,DHL eCommerce,Dubai,Bangkok,Pending,21/08/2023,20/12/2024
922,413,TRK777736973,Kerry Express,São Paulo,Berlin,Pending,19/04/2021,07/02/2025
923,105,TRK921490491,Ekart,Frankfurt,Manama,Cancelled,28/05/2023,02/02/2025
924,206,TRK500667800,Sicepat,London,Tunis,Pending,15/03/2021,20/09/2024
925,487,TRK841412406,J&T Express,Tokyo,Karachi,Pending,15/02/2024,25/03/2025
926,138,TRK351602641,Korea Post,Jakarta,London,Delivered,21/03/2021,09/10/2024
927,10,TRK427541805,Emirates Post,Cape Town,New York,Cancelled,30/04/2024,23/09/2024
928,337,TRK365931124,iMile,Kuala Lumpur,Rome,Delivered,28/05/2023,12/02/2025
929,466,TRK367969315,Blue Dart,Baghdad,Melbourne,Pending,12/06/2021,22/10/2024
930,188,TRK203091027,Delhivery,Hong Kong,Paris,Delivered,25/02/2022,10/11/2024
931,426,TRK235455096,Hermes,Sydney,Frankfurt,Received,19/07/2024,02/12/2024
932,123,TRK751048569,Pos Malaysia,Rome,Bengaluru,Cancelled,19/06/2023,13/02/2025
933,412,TRK373353581,Anteraja,Cairo,Geneva,Pending,05/01/2023,18/02/2025
934,180,TRK319161163,DHL eCommerce,Vancouver,Amman,Pending,31/08/2023,19/10/2024
935,395,TRK349943346,DHL,Los Angeles,Amsterdam,Cancelled,20/01/2022,09/12/2024
936,283,TRK275389881,China Post,Cairo,Amman,Cancelled,22/01/2022,11/10/2024
937,468,TRK206598303,Yodel,Frankfurt,Cairo,Pending,24/07/2023,04/03/2025
938,16,TRK884976646,Ninja Xpress,Mumbai,Osaka,Cancelled,28/07/2024,11/09/2024
939,189,TRK346238844,Sendle,Riyadh,Shanghai,Cancelled,10/08/2024,18/03/2025
940,376,TRK088867130,Zajil Express,Geneva,Mexico City,Delivered,09/01/2023,17/11/2024
941,386,TRK194231231,FedEx,Nairobi,Muscat,Delivered,26/02/2022,01/03/2025
942,120,TRK262272067,Pos Malaysia,Berlin,Zarqa,Cancelled,23/08/2024,30/10/2024
943,174,TRK367421676,SMSA Express,Kuwait City,Jeddah,Delivered,12/07/2021,26/10/2024
944,188,TRK320319187,CityLink,Frankfurt,Muscat,Cancelled,14/06/2022,19/03/2025
945,457,TRK907064916,China Post,Baghdad,Tunis,Pending,23/04/2024,14/11/2024
946,182,TRK606414220,4PX,Kuala Lumpur,Kuala Lumpur,Cancelled,15/11/2022,19/01/2025
947,242,TRK678343681,Kerry Express,Bangkok,Jakarta,Received,28/04/2023,16/02/2025
948,58,TRK584933635,DPD,Jeddah,Manila,Received,08/02/2023,06/09/2024
949,293,TRK972239172,Canada Post,Brussels,Geneva,Delivered,06/06/2023,13/12/2024
950,497,TRK184142421,NZ Post,Aqaba,Tokyo,Received,05/02/2024,14/04/2025
951,478,TRK589668718,Toll Group,Hong Kong,Melbourne,Delivered,22/01/2023,10/10/2024
952,128,TRK445579002,India Post,Amman,Hong Kong,Delivered,27/09/2023,05/09/2024
953,126,TRK855457450,Saudi Post,Istanbul,Dubai,Cancelled,15/04/2024,16/10/2024
954,114,TRK844595227,Aramex,Brussels,Zurich,Received,07/06/2021,27/02/2025
955,340,TRK823747786,NZ Post,Casablanca,Zarqa,Pending,27/02/2023,11/04/2025
956,142,TRK959383435,JNE Express,Kuwait City,Cape Town,Delivered,22/05/2022,30/03/2025
957,332,TRK280758339,NZ Post,Doha,Cairo,Delivered,01/08/2021,12/03/2025
958,500,TRK168666299,CityLink,Doha,Doha,Delivered,01/07/2024,09/11/2024
959,93,TRK191950321,India Post,Jeddah,Helsinki,Received,21/02/2023,03/03/2025
960,210,TRK368804705,Sendle,London,Nairobi,Cancelled,21/04/2023,16/04/2025
961,150,TRK494288308,Korea Post,Cape Town,São Paulo,Cancelled,19/03/2023,31/03/2025
962,361,TRK727487686,SMSA Express,Vienna,Paris,Received,12/12/2021,13/04/2025
963,327,TRK131626514,PostNL,Helsinki,Baghdad,Cancelled,14/05/2023,20/04/2025
964,54,TRK135161324,DHL eCommerce,Aqaba,London,Pending,16/03/2023,27/10/2024
965,475,TRK982197211,Ekart,Sydney,Delhi,Cancelled,26/11/2021,07/04/2025
966,24,TRK839505362,Blue Dart,Abu Dhabi,Paris,Pending,23/08/2022,13/02/2025
967,373,TRK792673159,Barq Express,Copenhagen,Kuala Lumpur,Pending,03/11/2022,10/02/2025
968,279,TRK794069079,Gati,Osaka,Beijing,Pending,01/03/2023,17/10/2024
969,232,TRK918200824,Barq Express,Bengaluru,Copenhagen,Pending,03/09/2022,17/11/2024
970,416,TRK825009613,Kerry Express,Berlin,Brussels,Cancelled,15/08/2021,25/12/2024
971,86,TRK902806849,Jeebly,Sydney,Kuala Lumpur,Cancelled,05/07/2024,21/11/2024
972,419,TRK649644852,Sicepat,Kuwait City,Brussels,Cancelled,03/05/2022,06/10/2024
973,28,TRK955488047,Pos Malaysia,Manama,Rome,Cancelled,18/05/2024,26/12/2024
974,263,TRK741137794,Canada Post,Dubai,Kuala Lumpur,Received,14/04/2022,14/11/2024
975,200,TRK157540360,SF Express,Zurich,Vancouver,Pending,28/10/2021,23/02/2025
976,434,TRK395287158,Jeebly,Singapore,Singapore,Cancelled,01/11/2022,06/09/2024
977,430,TRK235833836,Royal Mail,Johannesburg,Berlin,Pending,21/11/2023,04/12/2024
978,402,TRK332955177,Blue Dart,Irbid,Toronto,Delivered,28/09/2021,20/10/2024
979,342,TRK199393858,DPD,Oslo,Irbid,Delivered,22/08/2022,17/01/2025
980,424,TRK793172796,Saudi Post,Istanbul,Rome,Delivered,06/07/2024,01/09/2024
981,227,TRK701631232,Fastway,New York,Amsterdam,Delivered,21/08/2022,01/03/2025
982,152,TRK654347488,Fastway,Vancouver,Nairobi,Pending,24/07/2024,08/01/2025
983,49,TRK062321932,Blue Dart,Melbourne,Zurich,Cancelled,22/05/2022,27/11/2024
984,441,TRK469118060,EMS,Riyadh,Irbid,Pending,24/05/2021,07/03/2025
985,384,TRK790942757,USPS,Jakarta,Karachi,Cancelled,13/08/2021,03/02/2025
986,399,TRK367697754,Gati,Copenhagen,Dubai,Delivered,14/06/2024,04/03/2025
987,80,TRK744427794,DTDC,Amsterdam,Istanbul,Delivered,20/08/2022,09/12/2024
988,358,TRK193566517,FedEx,Helsinki,Frankfurt,Delivered,27/07/2023,25/03/2025
989,13,TRK962645919,Toll Group,Istanbul,Doha,Delivered,12/02/2024,05/01/2025
990,73,TRK842163137,Saudi Post,Bangkok,Copenhagen,Pending,26/09/2021,15/12/2024
991,474,TRK092604119,DHL Express,Copenhagen,Riyadh,Pending,07/06/2023,25/11/2024
992,140,TRK932558728,Royal Mail,Melbourne,Los Angeles,Pending,05/02/2022,03/02/2025
993,40,TRK983964793,Canada Post,Jeddah,Bengaluru,Pending,21/10/2022,04/03/2025
994,278,TRK973927971,Skynet,Karachi,Singapore,Pending,01/08/2021,02/04/2025
995,234,TRK607642490,DTDC,Cape Town,Istanbul,Cancelled,16/04/2024,10/01/2025
996,497,TRK482135195,Ninja Van,Toronto,Buenos Aires,Cancelled,28/09/2023,05/12/2024
997,102,TRK738985798,China Post,Delhi,Amman,Cancelled,24/09/2022,31/03/2025
998,322,TRK686102452,Cainiao,Copenhagen,Irbid,Pending,04/03/2023,15/03/2025
999,48,TRK622689950,Quiqup,São Paulo,Muscat,Delivered,04/07/2021,05/09/2024
1000,119,TRK910945275,CityLink,Zurich,Cairo,Cancelled,01/02/2022,21/02/2025
